filepath,domain
pseudoalbaillella_bella_5.jpg,south_china
pseudoalbaillella_bella_9.jpg,south_china
pseudoalbaillella_bella_7.jpg,south_china
pseudoalbaillella_bella_6.jpg,south_china
pseudoalbaillella_bella_2.jpg,south_china
pseudoalbaillella_bella_4.jpg,south_china
pseudoalbaillella_bella_8.jpg,south_china
pseudoalbaillella_bella_13.jpg,south_china
pseudoalbaillella_bella_11.jpg,south_china
pseudoalbaillella_bella_14.jpg,south_china
pseudoalbaillella_bella_15.jpg,south_china
pseudoalbaillella_bella_12.jpg,south_china
pseudoalbaillella_bella.jpg,south_china
pseudoalbaillella_bella_3.jpg,south_china
pseudoalbaillella_bella_10.jpg,south_china
albaillella_ouachitaensis_10.jpg,south_china
albaillella_ouachitaensis_13.jpg,south_china
albaillella_ouachitaensis_11.jpg,south_china
albaillella_ouachitaensis.jpg,south_china
albaillella_ouachitaensis_2.jpg,south_china
albaillella_ouachitaensis_14.jpg,south_china
albaillella_ouachitaensis_8.jpg,south_china
albaillella_ouachitaensis_15.jpg,south_china
albaillella_ouachitaensis_12.jpg,south_china
albaillella_ouachitaensis_9.jpg,south_china
albaillella_ouachitaensis_7.jpg,south_china
albaillella_ouachitaensis_6.jpg,south_china
albaillella_ouachitaensis_5.jpg,south_china
albaillella_ouachitaensis_4.jpg,south_china
albaillella_ouachitaensis_3.jpg,south_china
albaillella_cavitata_11.jpg,south_china
albaillella_cavitata_13.jpg,south_china
albaillella_cavitata_9.jpg,south_china
albaillella_cavitata_10.jpg,south_china
albaillella_cavitata_3.jpg,south_china
albaillella_cavitata_12.jpg,south_china
albaillella_cavitata_5.jpg,south_china
albaillella_cavitata_8.jpg,south_china
albaillella_cavitata_4.jpg,south_china
albaillella_cavitata_2.jpg,south_china
albaillella_cavitata_14.jpg,south_china
albaillella_cavitata_7.jpg,south_china
albaillella_cavitata.jpg,south_china
albaillella_cavitata_6.jpg,south_china
albaillella_cavitata_15.jpg,south_china
Ceratoikiscum_sandbergi_15.jpg,south_china
Ceratoikiscum_sandbergi_8.jpg,south_china
Ceratoikiscum_sandbergi_10.jpg,south_china
Ceratoikiscum_sandbergi.jpg,south_china
Ceratoikiscum_sandbergi_11.jpg,south_china
Ceratoikiscum_sandbergi_5.jpg,south_china
Ceratoikiscum_sandbergi_3.jpg,south_china
Ceratoikiscum_sandbergi_4.jpg,south_china
Ceratoikiscum_sandbergi_2.jpg,south_china
Ceratoikiscum_sandbergi_6.jpg,south_china
Ceratoikiscum_sandbergi_14.jpg,south_china
Ceratoikiscum_sandbergi_13.jpg,south_china
Ceratoikiscum_sandbergi_9.jpg,south_china
Ceratoikiscum_sandbergi_7.jpg,south_china
Ceratoikiscum_sandbergi_12.jpg,south_china
Ceratoikiscum_robustum_3.jpg,south_china
Ceratoikiscum_robustum_9.jpg,south_china
Ceratoikiscum_robustum_15.jpg,south_china
Ceratoikiscum_robustum_10.jpg,south_china
Ceratoikiscum_robustum.jpg,south_china
Ceratoikiscum_robustum_13.jpg,south_china
Ceratoikiscum_robustum_12.jpg,south_china
Ceratoikiscum_robustum_8.jpg,south_china
Ceratoikiscum_robustum_14.jpg,south_china
Ceratoikiscum_robustum_7.jpg,south_china
Ceratoikiscum_robustum_4.jpg,south_china
Ceratoikiscum_robustum_11.jpg,south_china
Ceratoikiscum_robustum_2.jpg,south_china
Ceratoikiscum_robustum_5.jpg,south_china
Ceratoikiscum_robustum_6.jpg,south_china
follicucullus_ventricosus_11.jpg,south_china
follicucullus_ventricosus_5.jpg,south_china
follicucullus_ventricosus_7.jpg,south_china
follicucullus_ventricosus_9.jpg,south_china
follicucullus_ventricosus_3.jpg,south_china
follicucullus_ventricosus_13.jpg,south_china
follicucullus_ventricosus_6.jpg,south_china
follicucullus_ventricosus_12.jpg,south_china
follicucullus_ventricosus_2.jpg,south_china
follicucullus_ventricosus_14.jpg,south_china
follicucullus_ventricosus.jpg,south_china
follicucullus_ventricosus_8.jpg,south_china
follicucullus_ventricosus_4.jpg,south_china
follicucullus_ventricosus_15.jpg,south_china
follicucullus_ventricosus_10.jpg,south_china
Ceratoikiscum_planistellare_4.jpg,south_china
Ceratoikiscum_planistellare_2.jpg,south_china
Ceratoikiscum_planistellare_14.jpg,south_china
Ceratoikiscum_planistellare_11.jpg,south_china
Ceratoikiscum_planistellare_8.jpg,south_china
Ceratoikiscum_planistellare_12.jpg,south_china
Ceratoikiscum_planistellare_7.jpg,south_china
Ceratoikiscum_planistellare.jpg,south_china
Ceratoikiscum_planistellare_9.jpg,south_china
Ceratoikiscum_planistellare_5.jpg,south_china
Ceratoikiscum_planistellare_3.jpg,south_china
Ceratoikiscum_planistellare_6.jpg,south_china
Ceratoikiscum_planistellare_10.jpg,south_china
Ceratoikiscum_planistellare_13.jpg,south_china
Ceratoikiscum_planistellare_15.jpg,south_china
albaillella_mucronulata_10.jpg,south_china
albaillella_mucronulata_8.jpg,south_china
albaillella_mucronulata_12.jpg,south_china
albaillella_mucronulata_11.jpg,south_china
albaillella_mucronulata_6.jpg,south_china
albaillella_mucronulata_2.jpg,south_china
albaillella_mucronulata_13.jpg,south_china
albaillella_mucronulata_15.jpg,south_china
albaillella_mucronulata_5.jpg,south_china
albaillella_mucronulata_14.jpg,south_china
albaillella_mucronulata_3.jpg,south_china
albaillella_mucronulata_9.jpg,south_china
albaillella_mucronulata.jpg,south_china
albaillella_mucronulata_7.jpg,south_china
albaillella_mucronulata_4.jpg,south_china
Ceratoikiscum_rectum_7.jpg,south_china
Ceratoikiscum_rectum_15.jpg,south_china
Ceratoikiscum_rectum_5.jpg,south_china
Ceratoikiscum_rectum_3.jpg,south_china
Ceratoikiscum_rectum_8.jpg,south_china
Ceratoikiscum_rectum_10.jpg,south_china
Ceratoikiscum_rectum_6.jpg,south_china
Ceratoikiscum_rectum_9.jpg,south_china
Ceratoikiscum_rectum_12.jpg,south_china
Ceratoikiscum_rectum_2.jpg,south_china
Ceratoikiscum_rectum_11.jpg,south_china
Ceratoikiscum_rectum.jpg,south_china
Ceratoikiscum_rectum_4.jpg,south_china
Ceratoikiscum_rectum_13.jpg,south_china
Ceratoikiscum_rectum_14.jpg,south_china
Ceratoikiscum_regalinodus_7.jpg,south_china
Ceratoikiscum_regalinodus_2.jpg,south_china
Ceratoikiscum_regalinodus_6.jpg,south_china
Ceratoikiscum_regalinodus_13.jpg,south_china
Ceratoikiscum_regalinodus_5.jpg,south_china
Ceratoikiscum_regalinodus_8.jpg,south_china
Ceratoikiscum_regalinodus_12.jpg,south_china
Ceratoikiscum_regalinodus_9.jpg,south_china
Ceratoikiscum_regalinodus_3.jpg,south_china
Ceratoikiscum_regalinodus_14.jpg,south_china
Ceratoikiscum_regalinodus_15.jpg,south_china
Ceratoikiscum_regalinodus_11.jpg,south_china
Ceratoikiscum_regalinodus.jpg,south_china
Ceratoikiscum_regalinodus_10.jpg,south_china
Ceratoikiscum_regalinodus_4.jpg,south_china
Ceratoikiscum_mertsi_2.jpg,south_china
Ceratoikiscum_mertsi_14.jpg,south_china
Ceratoikiscum_mertsi_8.jpg,south_china
Ceratoikiscum_mertsi_9.jpg,south_china
Ceratoikiscum_mertsi_13.jpg,south_china
Ceratoikiscum_mertsi_11.jpg,south_china
Ceratoikiscum_mertsi_4.jpg,south_china
Ceratoikiscum_mertsi_15.jpg,south_china
Ceratoikiscum_mertsi_12.jpg,south_china
Ceratoikiscum_mertsi.jpg,south_china
Ceratoikiscum_mertsi_10.jpg,south_china
Ceratoikiscum_mertsi_6.jpg,south_china
Ceratoikiscum_mertsi_7.jpg,south_china
Ceratoikiscum_mertsi_3.jpg,south_china
Ceratoikiscum_mertsi_5.jpg,south_china
Albaillella_shijiaensis_4.jpg,south_china
Albaillella_shijiaensis_8.jpg,south_china
Albaillella_shijiaensis_3.jpg,south_china
Albaillella_shijiaensis_11.jpg,south_china
Albaillella_shijiaensis_5.jpg,south_china
Albaillella_shijiaensis.jpg,south_china
Albaillella_shijiaensis_13.jpg,south_china
Albaillella_shijiaensis_15.jpg,south_china
Albaillella_shijiaensis_2.jpg,south_china
Albaillella_shijiaensis_9.jpg,south_china
Albaillella_shijiaensis_14.jpg,south_china
Albaillella_shijiaensis_6.jpg,south_china
Albaillella_shijiaensis_12.jpg,south_china
Albaillella_shijiaensis_7.jpg,south_china
Albaillella_shijiaensis_10.jpg,south_china
Ceratoikiscum_crinerensis_15.jpg,south_china
Ceratoikiscum_crinerensis_12.jpg,south_china
Ceratoikiscum_crinerensis_3.jpg,south_china
Ceratoikiscum_crinerensis.jpg,south_china
Ceratoikiscum_crinerensis_4.jpg,south_china
Ceratoikiscum_crinerensis_14.jpg,south_china
Ceratoikiscum_crinerensis_9.jpg,south_china
Ceratoikiscum_crinerensis_7.jpg,south_china
Ceratoikiscum_crinerensis_5.jpg,south_china
Ceratoikiscum_crinerensis_2.jpg,south_china
Ceratoikiscum_crinerensis_8.jpg,south_china
Ceratoikiscum_crinerensis_10.jpg,south_china
Ceratoikiscum_crinerensis_13.jpg,south_china
Ceratoikiscum_crinerensis_6.jpg,south_china
Ceratoikiscum_crinerensis_11.jpg,south_china
Ceratoikiscum_omicron_4.jpg,south_china
Ceratoikiscum_omicron_10.jpg,south_china
Ceratoikiscum_omicron_12.jpg,south_china
Ceratoikiscum_omicron_13.jpg,south_china
Ceratoikiscum_omicron_5.jpg,south_china
Ceratoikiscum_omicron_9.jpg,south_china
Ceratoikiscum_omicron_7.jpg,south_china
Ceratoikiscum_omicron_8.jpg,south_china
Ceratoikiscum_omicron_15.jpg,south_china
Ceratoikiscum_omicron_2.jpg,south_china
Ceratoikiscum_omicron.jpg,south_china
Ceratoikiscum_omicron_6.jpg,south_china
Ceratoikiscum_omicron_11.jpg,south_china
Ceratoikiscum_omicron_14.jpg,south_china
Ceratoikiscum_omicron_3.jpg,south_china
albaillella_turgida_7.jpg,south_china
albaillella_turgida_3.jpg,south_china
albaillella_turgida_12.jpg,south_china
albaillella_turgida_4.jpg,south_china
albaillella_turgida_2.jpg,south_china
albaillella_turgida_6.jpg,south_china
albaillella_turgida_14.jpg,south_china
albaillella_turgida_9.jpg,south_china
albaillella_turgida_13.jpg,south_china
albaillella_turgida_11.jpg,south_china
albaillella_turgida_8.jpg,south_china
albaillella_turgida_5.jpg,south_china
albaillella_turgida_15.jpg,south_china
albaillella_turgida_10.jpg,south_china
albaillella_turgida.jpg,south_china
protoalbaillella_pinetopensis_4.jpg,south_china
protoalbaillella_pinetopensis_9.jpg,south_china
protoalbaillella_pinetopensis_11.jpg,south_china
protoalbaillella_pinetopensis_2.jpg,south_china
protoalbaillella_pinetopensis_12.jpg,south_china
protoalbaillella_pinetopensis.jpg,south_china
protoalbaillella_pinetopensis_8.jpg,south_china
protoalbaillella_pinetopensis_15.jpg,south_china
protoalbaillella_pinetopensis_6.jpg,south_china
protoalbaillella_pinetopensis_10.jpg,south_china
protoalbaillella_pinetopensis_14.jpg,south_china
protoalbaillella_pinetopensis_13.jpg,south_china
protoalbaillella_pinetopensis_3.jpg,south_china
protoalbaillella_pinetopensis_5.jpg,south_china
protoalbaillella_pinetopensis_7.jpg,south_china
albaillella_triangularis_13.jpg,south_china
albaillella_triangularis_15.jpg,south_china
albaillella_triangularis_11.jpg,south_china
albaillella_triangularis_3.jpg,south_china
albaillella_triangularis_2.jpg,south_china
albaillella_triangularis_10.jpg,south_china
albaillella_triangularis_12.jpg,south_china
albaillella_triangularis_9.jpg,south_china
albaillella_triangularis.jpg,south_china
albaillella_triangularis_8.jpg,south_china
albaillella_triangularis_5.jpg,south_china
albaillella_triangularis_6.jpg,south_china
albaillella_triangularis_4.jpg,south_china
albaillella_triangularis_14.jpg,south_china
albaillella_triangularis_7.jpg,south_china
Ceratoikiscum_elmensis_15.jpg,south_china
Ceratoikiscum_elmensis_7.jpg,south_china
Ceratoikiscum_elmensis_11.jpg,south_china
Ceratoikiscum_elmensis.jpg,south_china
Ceratoikiscum_elmensis_10.jpg,south_china
Ceratoikiscum_elmensis_12.jpg,south_china
Ceratoikiscum_elmensis_6.jpg,south_china
Ceratoikiscum_elmensis_8.jpg,south_china
Ceratoikiscum_elmensis_9.jpg,south_china
Ceratoikiscum_elmensis_3.jpg,south_china
Ceratoikiscum_elmensis_4.jpg,south_china
Ceratoikiscum_elmensis_13.jpg,south_china
Ceratoikiscum_elmensis_14.jpg,south_china
Ceratoikiscum_elmensis_5.jpg,south_china
Ceratoikiscum_elmensis_2.jpg,south_china
albaillella_graciliforma_9.jpg,south_china
albaillella_graciliforma_2.jpg,south_china
albaillella_graciliforma_15.jpg,south_china
albaillella_graciliforma_7.jpg,south_china
albaillella_graciliforma_13.jpg,south_china
albaillella_graciliforma_11.jpg,south_china
albaillella_graciliforma_8.jpg,south_china
albaillella_graciliforma_4.jpg,south_china
albaillella_graciliforma_12.jpg,south_china
albaillella_graciliforma.jpg,south_china
albaillella_graciliforma_5.jpg,south_china
albaillella_graciliforma_14.jpg,south_china
albaillella_graciliforma_10.jpg,south_china
albaillella_graciliforma_6.jpg,south_china
albaillella_graciliforma_3.jpg,south_china
Parafollicucullus_sakmarensis_15.jpg,south_china
Parafollicucullus_sakmarensis_10.jpg,south_china
Parafollicucullus_sakmarensis_4.jpg,south_china
Parafollicucullus_sakmarensis_14.jpg,south_china
Parafollicucullus_sakmarensis_2.jpg,south_china
Parafollicucullus_sakmarensis_3.jpg,south_china
Parafollicucullus_sakmarensis_12.jpg,south_china
Parafollicucullus_sakmarensis.jpg,south_china
Parafollicucullus_sakmarensis_7.jpg,south_china
Parafollicucullus_sakmarensis_13.jpg,south_china
Parafollicucullus_sakmarensis_5.jpg,south_china
Parafollicucullus_sakmarensis_6.jpg,south_china
Parafollicucullus_sakmarensis_11.jpg,south_china
Parafollicucullus_sakmarensis_9.jpg,south_china
Parafollicucullus_sakmarensis_8.jpg,south_china
albaillella_indensis_3.jpg,south_china
albaillella_indensis_5.jpg,south_china
albaillella_indensis_6.jpg,south_china
albaillella_indensis_4.jpg,south_china
albaillella_indensis_9.jpg,south_china
albaillella_indensis_10.jpg,south_china
albaillella_indensis_8.jpg,south_china
albaillella_indensis_13.jpg,south_china
albaillella_indensis.jpg,south_china
albaillella_indensis_15.jpg,south_china
albaillella_indensis_2.jpg,south_china
albaillella_indensis_14.jpg,south_china
albaillella_indensis_12.jpg,south_china
albaillella_indensis_11.jpg,south_china
albaillella_indensis_7.jpg,south_china
albaillella_unusalata_14.jpg,south_china
albaillella_unusalata.jpg,south_china
albaillella_unusalata_5.jpg,south_china
albaillella_unusalata_9.jpg,south_china
albaillella_unusalata_6.jpg,south_china
albaillella_unusalata_13.jpg,south_china
albaillella_unusalata_2.jpg,south_china
albaillella_unusalata_10.jpg,south_china
albaillella_unusalata_12.jpg,south_china
albaillella_unusalata_8.jpg,south_china
albaillella_unusalata_4.jpg,south_china
albaillella_unusalata_7.jpg,south_china
albaillella_unusalata_11.jpg,south_china
albaillella_unusalata_3.jpg,south_china
albaillella_unusalata_15.jpg,south_china
albaillella_protractosegmentata_12.jpg,south_china
albaillella_protractosegmentata_13.jpg,south_china
albaillella_protractosegmentata_14.jpg,south_china
albaillella_protractosegmentata_11.jpg,south_china
albaillella_protractosegmentata_9.jpg,south_china
albaillella_protractosegmentata.jpg,south_china
albaillella_protractosegmentata_3.jpg,south_china
albaillella_protractosegmentata_15.jpg,south_china
albaillella_protractosegmentata_6.jpg,south_china
albaillella_protractosegmentata_4.jpg,south_china
albaillella_protractosegmentata_8.jpg,south_china
albaillella_protractosegmentata_7.jpg,south_china
albaillella_protractosegmentata_2.jpg,south_china
albaillella_protractosegmentata_5.jpg,south_china
albaillella_protractosegmentata_10.jpg,south_china
Longtanella_turrita_2.jpg,south_china
Longtanella_turrita_5.jpg,south_china
Longtanella_turrita_14.jpg,south_china
Longtanella_turrita_9.jpg,south_china
Longtanella_turrita_6.jpg,south_china
Longtanella_turrita_13.jpg,south_china
Longtanella_turrita.jpg,south_china
Longtanella_turrita_7.jpg,south_china
Longtanella_turrita_3.jpg,south_china
Longtanella_turrita_12.jpg,south_china
Longtanella_turrita_10.jpg,south_china
Longtanella_turrita_4.jpg,south_china
Longtanella_turrita_8.jpg,south_china
Longtanella_turrita_15.jpg,south_china
Longtanella_turrita_11.jpg,south_china
albaillella_sp._G_7.jpg,south_china
albaillella_sp._G_13.jpg,south_china
albaillella_sp._G_12.jpg,south_china
albaillella_sp._G_10.jpg,south_china
albaillella_sp._G_5.jpg,south_china
albaillella_sp._G_3.jpg,south_china
albaillella_sp._G_8.jpg,south_china
albaillella_sp._G_14.jpg,south_china
albaillella_sp._G_2.jpg,south_china
albaillella_sp._G_11.jpg,south_china
albaillella_sp._G_6.jpg,south_china
albaillella_sp._G.jpg,south_china
albaillella_sp._G_4.jpg,south_china
albaillella_sp._G_15.jpg,south_china
albaillella_sp._G_9.jpg,south_china
Longtanella_lanceoliformis_10.jpg,south_china
Longtanella_lanceoliformis_9.jpg,south_china
Longtanella_lanceoliformis_2.jpg,south_china
Longtanella_lanceoliformis_5.jpg,south_china
Longtanella_lanceoliformis_13.jpg,south_china
Longtanella_lanceoliformis_14.jpg,south_china
Longtanella_lanceoliformis_7.jpg,south_china
Longtanella_lanceoliformis_15.jpg,south_china
Longtanella_lanceoliformis_4.jpg,south_china
Longtanella_lanceoliformis_6.jpg,south_china
Longtanella_lanceoliformis_3.jpg,south_china
Longtanella_lanceoliformis_8.jpg,south_china
Longtanella_lanceoliformis.jpg,south_china
Longtanella_lanceoliformis_11.jpg,south_china
Longtanella_lanceoliformis_12.jpg,south_china
albaillella_degradans_3.jpg,south_china
albaillella_degradans.jpg,south_china
albaillella_degradans_9.jpg,south_china
albaillella_degradans_12.jpg,south_china
albaillella_degradans_14.jpg,south_china
albaillella_degradans_11.jpg,south_china
albaillella_degradans_8.jpg,south_china
albaillella_degradans_10.jpg,south_china
albaillella_degradans_2.jpg,south_china
albaillella_degradans_7.jpg,south_china
albaillella_degradans_5.jpg,south_china
albaillella_degradans_15.jpg,south_china
albaillella_degradans_13.jpg,south_china
albaillella_degradans_6.jpg,south_china
albaillella_degradans_4.jpg,south_china
albaillella_lauta_9.jpg,south_china
albaillella_lauta_4.jpg,south_china
albaillella_lauta_12.jpg,south_china
albaillella_lauta_11.jpg,south_china
albaillella_lauta_15.jpg,south_china
albaillella_lauta_8.jpg,south_china
albaillella_lauta.jpg,south_china
albaillella_lauta_10.jpg,south_china
albaillella_lauta_5.jpg,south_china
albaillella_lauta_2.jpg,south_china
albaillella_lauta_6.jpg,south_china
albaillella_lauta_7.jpg,south_china
albaillella_lauta_3.jpg,south_china
albaillella_lauta_13.jpg,south_china
albaillella_lauta_14.jpg,south_china
Huasha_magnifica.jpg,south_china
Huasha_magnifica_9.jpg,south_china
Huasha_magnifica_14.jpg,south_china
Huasha_magnifica_12.jpg,south_china
Huasha_magnifica_15.jpg,south_china
Huasha_magnifica_13.jpg,south_china
Huasha_magnifica_2.jpg,south_china
Huasha_magnifica_5.jpg,south_china
Huasha_magnifica_11.jpg,south_china
Huasha_magnifica_3.jpg,south_china
Huasha_magnifica_6.jpg,south_china
Huasha_magnifica_10.jpg,south_china
Huasha_magnifica_7.jpg,south_china
Huasha_magnifica_4.jpg,south_china
Huasha_magnifica_8.jpg,south_china
albaillella_ramsbottomi_10.jpg,south_china
albaillella_ramsbottomi_6.jpg,south_china
albaillella_ramsbottomi_2.jpg,south_china
albaillella_ramsbottomi_5.jpg,south_china
albaillella_ramsbottomi_14.jpg,south_china
albaillella_ramsbottomi_13.jpg,south_china
albaillella_ramsbottomi_12.jpg,south_china
albaillella_ramsbottomi_3.jpg,south_china
albaillella_ramsbottomi_7.jpg,south_china
albaillella_ramsbottomi_11.jpg,south_china
albaillella_ramsbottomi_8.jpg,south_china
albaillella_ramsbottomi_4.jpg,south_china
albaillella_ramsbottomi_15.jpg,south_china
albaillella_ramsbottomi_9.jpg,south_china
albaillella_ramsbottomi.jpg,south_china
Ceratoikiscum_coroniferum_3.jpg,south_china
Ceratoikiscum_coroniferum_12.jpg,south_china
Ceratoikiscum_coroniferum_13.jpg,south_china
Ceratoikiscum_coroniferum_2.jpg,south_china
Ceratoikiscum_coroniferum_4.jpg,south_china
Ceratoikiscum_coroniferum.jpg,south_china
Ceratoikiscum_coroniferum_9.jpg,south_china
Ceratoikiscum_coroniferum_5.jpg,south_china
Ceratoikiscum_coroniferum_8.jpg,south_china
Ceratoikiscum_coroniferum_14.jpg,south_china
Ceratoikiscum_coroniferum_10.jpg,south_china
Ceratoikiscum_coroniferum_7.jpg,south_china
Ceratoikiscum_coroniferum_6.jpg,south_china
Ceratoikiscum_coroniferum_11.jpg,south_china
Ceratoikiscum_coroniferum_15.jpg,south_china
pseudoalbaillella_scalprata_postscalprata_9.jpg,south_china
pseudoalbaillella_scalprata_postscalprata_12.jpg,south_china
pseudoalbaillella_scalprata_postscalprata_4.jpg,south_china
pseudoalbaillella_scalprata_postscalprata_14.jpg,south_china
pseudoalbaillella_scalprata_postscalprata_11.jpg,south_china
pseudoalbaillella_scalprata_postscalprata_7.jpg,south_china
pseudoalbaillella_scalprata_postscalprata_6.jpg,south_china
pseudoalbaillella_scalprata_postscalprata_10.jpg,south_china
pseudoalbaillella_scalprata_postscalprata_8.jpg,south_china
pseudoalbaillella_scalprata_postscalprata_2.jpg,south_china
pseudoalbaillella_scalprata_postscalprata_13.jpg,south_china
pseudoalbaillella_scalprata_postscalprata_15.jpg,south_china
pseudoalbaillella_scalprata_postscalprata_3.jpg,south_china
pseudoalbaillella_scalprata_postscalprata_5.jpg,south_china
pseudoalbaillella_scalprata_postscalprata.jpg,south_china
Lapidopiscum_transversum_13.jpg,south_china
lapidopiscum_transversum.jpg,south_china
Lapidopiscum_transversum_14.jpg,south_china
Lapidopiscum_transversum_3.jpg,south_china
Lapidopiscum_transversum_15.jpg,south_china
Lapidopiscum_transversum_7.jpg,south_china
Lapidopiscum_transversum_11.jpg,south_china
Lapidopiscum_transversum_10.jpg,south_china
Lapidopiscum_transversum_9.jpg,south_china
Lapidopiscum_transversum_8.jpg,south_china
Lapidopiscum_transversum_12.jpg,south_china
Lapidopiscum_transversum_4.jpg,south_china
Lapidopiscum_transversum_2.jpg,south_china
Lapidopiscum_transversum_5.jpg,south_china
Lapidopiscum_transversum_6.jpg,south_china
albaillella_yaoi_longa_3.jpg,south_china
albaillella_yaoi_longa_5.jpg,south_china
albaillella_yaoi_longa_12.jpg,south_china
albaillella_yaoi_longa_13.jpg,south_china
albaillella_yaoi_longa_14.jpg,south_china
albaillella_yaoi_longa_7.jpg,south_china
albaillella_yaoi_longa_10.jpg,south_china
albaillella_yaoi_longa_2.jpg,south_china
albaillella_yaoi_longa_6.jpg,south_china
albaillella_yaoi_longa_8.jpg,south_china
albaillella_yaoi_longa_4.jpg,south_china
albaillella_yaoi_longa_15.jpg,south_china
albaillella_yaoi_longa_11.jpg,south_china
albaillella_yaoi_longa_9.jpg,south_china
albaillella_yaoi_longa.jpg,south_china
albaillella_brushensis_11.jpg,south_china
albaillella_brushensis_15.jpg,south_china
albaillella_brushensis_10.jpg,south_china
albaillella_brushensis_3.jpg,south_china
albaillella_brushensis.jpg,south_china
albaillella_brushensis_9.jpg,south_china
albaillella_brushensis_6.jpg,south_china
albaillella_brushensis_13.jpg,south_china
albaillella_brushensis_12.jpg,south_china
albaillella_brushensis_8.jpg,south_china
albaillella_brushensis_4.jpg,south_china
albaillella_brushensis_2.jpg,south_china
albaillella_brushensis_5.jpg,south_china
albaillella_brushensis_14.jpg,south_china
albaillella_brushensis_7.jpg,south_china
protoalbaillella_triangulata_14.jpg,south_china
protoalbaillella_triangulata_7.jpg,south_china
protoalbaillella_triangulata_10.jpg,south_china
protoalbaillella_triangulata_2.jpg,south_china
protoalbaillella_triangulata_15.jpg,south_china
protoalbaillella_triangulata.jpg,south_china
protoalbaillella_triangulata_11.jpg,south_china
protoalbaillella_triangulata_4.jpg,south_china
protoalbaillella_triangulata_12.jpg,south_china
protoalbaillella_triangulata_8.jpg,south_china
protoalbaillella_triangulata_6.jpg,south_china
protoalbaillella_triangulata_5.jpg,south_china
protoalbaillella_triangulata_9.jpg,south_china
protoalbaillella_triangulata_13.jpg,south_china
protoalbaillella_triangulata_3.jpg,south_china
Neoalbaillella_cephalota_12.jpg,south_china
Neoalbaillella_cephalota_11.jpg,south_china
Neoalbaillella_cephalota_15.jpg,south_china
Neoalbaillella_cephalota_5.jpg,south_china
Neoalbaillella_cephalota_6.jpg,south_china
Neoalbaillella_cephalota_4.jpg,south_china
Neoalbaillella_cephalota_9.jpg,south_china
Neoalbaillella_cephalota_14.jpg,south_china
Neoalbaillella_cephalota.jpg,south_china
Neoalbaillella_cephalota_2.jpg,south_china
Neoalbaillella_cephalota_10.jpg,south_china
Neoalbaillella_cephalota_7.jpg,south_china
Neoalbaillella_cephalota_8.jpg,south_china
Neoalbaillella_cephalota_3.jpg,south_china
Neoalbaillella_cephalota_13.jpg,south_china
neoalbaillella_grypus_12.jpg,south_china
neoalbaillella_grypus_6.jpg,south_china
neoalbaillella_grypus_5.jpg,south_china
neoalbaillella_grypus_3.jpg,south_china
neoalbaillella_grypus_7.jpg,south_china
neoalbaillella_grypus_10.jpg,south_china
neoalbaillella_grypus_2.jpg,south_china
neoalbaillella_grypus_9.jpg,south_china
neoalbaillella_grypus_13.jpg,south_china
neoalbaillella_grypus_4.jpg,south_china
neoalbaillella_grypus.jpg,south_china
neoalbaillella_grypus_8.jpg,south_china
neoalbaillella_grypus_15.jpg,south_china
neoalbaillella_grypus_14.jpg,south_china
neoalbaillella_grypus_11.jpg,south_china
albaillella_yamakitai_2.jpg,south_china
albaillella_yamakitai_10.jpg,south_china
albaillella_yamakitai_11.jpg,south_china
albaillella_yamakitai_12.jpg,south_china
albaillella_yamakitai_15.jpg,south_china
albaillella_yamakitai_7.jpg,south_china
albaillella_yamakitai_5.jpg,south_china
albaillella_yamakitai.jpg,south_china
albaillella_yamakitai_9.jpg,south_china
albaillella_yamakitai_6.jpg,south_china
albaillella_yamakitai_8.jpg,south_china
albaillella_yamakitai_4.jpg,south_china
albaillella_yamakitai_13.jpg,south_china
albaillella_yamakitai_14.jpg,south_china
albaillella_yamakitai_3.jpg,south_china
Huasha_holdsworthi_15.jpg,south_china
Huasha_holdsworthi_13.jpg,south_china
Huasha_holdsworthi_4.jpg,south_china
Huasha_holdsworthi.jpg,south_china
Huasha_holdsworthi_12.jpg,south_china
Huasha_holdsworthi_8.jpg,south_china
Huasha_holdsworthi_7.jpg,south_china
Huasha_holdsworthi_9.jpg,south_china
Huasha_holdsworthi_11.jpg,south_china
Huasha_holdsworthi_3.jpg,south_china
Huasha_holdsworthi_2.jpg,south_china
Huasha_holdsworthi_6.jpg,south_china
Huasha_holdsworthi_10.jpg,south_china
Huasha_holdsworthi_5.jpg,south_china
Huasha_holdsworthi_14.jpg,south_china
albaillella_deflandrei.jpg,south_china
albaillella_deflandrei_12.jpg,south_china
albaillella_deflandrei_8.jpg,south_china
albaillella_deflandrei_10.jpg,south_china
albaillella_deflandrei_6.jpg,south_china
albaillella_deflandrei_3.jpg,south_china
albaillella_deflandrei_5.jpg,south_china
albaillella_deflandrei_7.jpg,south_china
albaillella_deflandrei_15.jpg,south_china
albaillella_deflandrei_4.jpg,south_china
albaillella_deflandrei_9.jpg,south_china
albaillella_deflandrei_13.jpg,south_china
albaillella_deflandrei_14.jpg,south_china
albaillella_deflandrei_11.jpg,south_china
albaillella_deflandrei_2.jpg,south_china
albaillella_magnifica_2.jpg,south_china
albaillella_magnifica_10.jpg,south_china
albaillella_magnifica_15.jpg,south_china
albaillella_magnifica_4.jpg,south_china
albaillella_magnifica_13.jpg,south_china
albaillella_magnifica_14.jpg,south_china
albaillella_magnifica.jpg,south_china
albaillella_magnifica_6.jpg,south_china
albaillella_magnifica_8.jpg,south_china
albaillella_magnifica_3.jpg,south_china
albaillella_magnifica_11.jpg,south_china
albaillella_magnifica_7.jpg,south_china
albaillella_magnifica_5.jpg,south_china
albaillella_magnifica_12.jpg,south_china
albaillella_magnifica_9.jpg,south_china
neoalbaillella_optima_2.jpg,south_china
neoalbaillella_optima_4.jpg,south_china
neoalbaillella_optima_9.jpg,south_china
neoalbaillella_optima_10.jpg,south_china
neoalbaillella_optima_6.jpg,south_china
neoalbaillella_optima_5.jpg,south_china
neoalbaillella_optima_15.jpg,south_china
neoalbaillella_optima_8.jpg,south_china
neoalbaillella_optima_11.jpg,south_china
neoalbaillella_optima_3.jpg,south_china
neoalbaillella_optima_14.jpg,south_china
neoalbaillella_optima.jpg,south_china
neoalbaillella_optima_12.jpg,south_china
neoalbaillella_optima_13.jpg,south_china
neoalbaillella_optima_7.jpg,south_china
pseudoalbaillella_bulbosa_6.jpg,south_china
pseudoalbaillella_bulbosa_12.jpg,south_china
pseudoalbaillella_bulbosa_9.jpg,south_china
pseudoalbaillella_bulbosa_7.jpg,south_china
pseudoalbaillella_bulbosa_3.jpg,south_china
pseudoalbaillella_bulbosa_14.jpg,south_china
pseudoalbaillella_bulbosa_5.jpg,south_china
pseudoalbaillella_bulbosa_15.jpg,south_china
pseudoalbaillella_bulbosa_13.jpg,south_china
pseudoalbaillella_bulbosa_2.jpg,south_china
pseudoalbaillella_bulbosa_4.jpg,south_china
pseudoalbaillella_bulbosa_8.jpg,south_china
pseudoalbaillella_bulbosa_11.jpg,south_china
pseudoalbaillella_bulbosa.jpg,south_china
pseudoalbaillella_bulbosa_10.jpg,south_china
Ceratoikiscum_leonoides_5.jpg,south_china
Ceratoikiscum_leonoides_6.jpg,south_china
Ceratoikiscum_leonoides_9.jpg,south_china
Ceratoikiscum_leonoides_3.jpg,south_china
Ceratoikiscum_leonoides_8.jpg,south_china
Ceratoikiscum_leonoides_15.jpg,south_china
Ceratoikiscum_leonoides_11.jpg,south_china
Ceratoikiscum_leonoides.jpg,south_china
Ceratoikiscum_leonoides_2.jpg,south_china
Ceratoikiscum_leonoides_14.jpg,south_china
Ceratoikiscum_leonoides_13.jpg,south_china
Ceratoikiscum_leonoides_12.jpg,south_china
Ceratoikiscum_leonoides_10.jpg,south_china
Ceratoikiscum_leonoides_4.jpg,south_china
Ceratoikiscum_leonoides_7.jpg,south_china
Palacantholithus_stellatus_14.jpg,south_china
Palacantholithus_stellatus_4.jpg,south_china
Palacantholithus_stellatus_7.jpg,south_china
Palacantholithus_stellatus_3.jpg,south_china
Palacantholithus_stellatus_12.jpg,south_china
Palacantholithus_stellatus_9.jpg,south_china
Palacantholithus_stellatus_5.jpg,south_china
Palacantholithus_stellatus_8.jpg,south_china
Palacantholithus_stellatus_15.jpg,south_china
Palacantholithus_stellatus_13.jpg,south_china
Palacantholithus_stellatus_10.jpg,south_china
Palacantholithus_stellatus_6.jpg,south_china
Palacantholithus_stellatus_11.jpg,south_china
Palacantholithus_stellatus_2.jpg,south_china
Palacantholithus_stellatus.jpg,south_china
Albaillella_paradoxa_6.jpg,south_china
Albaillella_paradoxa.jpg,south_china
Albaillella_paradoxa_5.jpg,south_china
Albaillella_paradoxa_8.jpg,south_china
Albaillella_paradoxa_2.jpg,south_china
Albaillella_paradoxa_3.jpg,south_china
Albaillella_paradoxa_13.jpg,south_china
Albaillella_paradoxa_7.jpg,south_china
Albaillella_paradoxa_10.jpg,south_china
Albaillella_paradoxa_4.jpg,south_china
Albaillella_paradoxa_15.jpg,south_china
Albaillella_paradoxa_9.jpg,south_china
Albaillella_paradoxa_12.jpg,south_china
Albaillella_paradoxa_14.jpg,south_china
Albaillella_paradoxa_11.jpg,south_china
Ceratoikiscum_herkommeri.jpg,south_china
Ceratoikiscum_herkommeri_14.jpg,south_china
Ceratoikiscum_herkommeri_4.jpg,south_china
Ceratoikiscum_herkommeri_7.jpg,south_china
Ceratoikiscum_herkommeri_15.jpg,south_china
Ceratoikiscum_herkommeri_12.jpg,south_china
Ceratoikiscum_herkommeri_8.jpg,south_china
Ceratoikiscum_herkommeri_13.jpg,south_china
Ceratoikiscum_herkommeri_6.jpg,south_china
Ceratoikiscum_herkommeri_11.jpg,south_china
Ceratoikiscum_herkommeri_2.jpg,south_china
Ceratoikiscum_herkommeri_10.jpg,south_china
Ceratoikiscum_herkommeri_3.jpg,south_china
Ceratoikiscum_herkommeri_9.jpg,south_china
Ceratoikiscum_herkommeri_5.jpg,south_china
holdsworthella_permica_9.jpg,south_china
holdsworthella_permica_5.jpg,south_china
holdsworthella_permica.jpg,south_china
holdsworthella_permica_10.jpg,south_china
holdsworthella_permica_14.jpg,south_china
holdsworthella_permica_8.jpg,south_china
holdsworthella_permica_15.jpg,south_china
holdsworthella_permica_3.jpg,south_china
holdsworthella_permica_7.jpg,south_china
holdsworthella_permica_11.jpg,south_china
holdsworthella_permica_13.jpg,south_china
holdsworthella_permica_2.jpg,south_china
holdsworthella_permica_12.jpg,south_china
holdsworthella_permica_6.jpg,south_china
holdsworthella_permica_4.jpg,south_china
Longtanella_laxiflexus_6.jpg,south_china
Longtanella_laxiflexus_9.jpg,south_china
Longtanella_laxiflexus_2.jpg,south_china
Longtanella_laxiflexus_3.jpg,south_china
Longtanella_laxiflexus_10.jpg,south_china
Longtanella_laxiflexus_13.jpg,south_china
Longtanella_laxiflexus_15.jpg,south_china
Longtanella_laxiflexus_12.jpg,south_china
Longtanella_laxiflexus_8.jpg,south_china
Longtanella_laxiflexus_11.jpg,south_china
Longtanella_laxiflexus_14.jpg,south_china
Longtanella_laxiflexus_5.jpg,south_china
Longtanella_laxiflexus.jpg,south_china
Longtanella_laxiflexus_4.jpg,south_china
Longtanella_laxiflexus_7.jpg,south_china
Ceratoikiscum_extratriangulum_8.jpg,south_china
Ceratoikiscum_extratriangulum_11.jpg,south_china
Ceratoikiscum_extratriangulum_2.jpg,south_china
Ceratoikiscum_extratriangulum_10.jpg,south_china
Ceratoikiscum_extratriangulum_14.jpg,south_china
Ceratoikiscum_extratriangulum_5.jpg,south_china
Ceratoikiscum_extratriangulum_12.jpg,south_china
Ceratoikiscum_extratriangulum_9.jpg,south_china
Ceratoikiscum_extratriangulum_7.jpg,south_china
Ceratoikiscum_extratriangulum_3.jpg,south_china
Ceratoikiscum_extratriangulum_6.jpg,south_china
Ceratoikiscum_extratriangulum_4.jpg,south_china
Ceratoikiscum_extratriangulum.jpg,south_china
Ceratoikiscum_extratriangulum_15.jpg,south_china
Ceratoikiscum_extratriangulum_13.jpg,south_china
albaillella_prava_2.jpg,south_china
albaillella_prava_6.jpg,south_china
albaillella_prava_4.jpg,south_china
albaillella_prava_13.jpg,south_china
albaillella_prava_9.jpg,south_china
albaillella_prava.jpg,south_china
albaillella_prava_8.jpg,south_china
albaillella_prava_5.jpg,south_china
albaillella_prava_14.jpg,south_china
albaillella_prava_11.jpg,south_china
albaillella_prava_7.jpg,south_china
albaillella_prava_3.jpg,south_china
albaillella_prava_10.jpg,south_china
albaillella_prava_15.jpg,south_china
albaillella_prava_12.jpg,south_china
neoalbaillella_antaixiangi_9.jpg,south_china
neoalbaillella_antaixiangi_5.jpg,south_china
neoalbaillella_antaixiangi_3.jpg,south_china
neoalbaillella_antaixiangi_12.jpg,south_china
neoalbaillella_antaixiangi_6.jpg,south_china
neoalbaillella_antaixiangi_7.jpg,south_china
neoalbaillella_antaixiangi_11.jpg,south_china
neoalbaillella_antaixiangi_2.jpg,south_china
neoalbaillella_antaixiangi.jpg,south_china
neoalbaillella_antaixiangi_15.jpg,south_china
neoalbaillella_antaixiangi_10.jpg,south_china
neoalbaillella_antaixiangi_13.jpg,south_china
neoalbaillella_antaixiangi_8.jpg,south_china
neoalbaillella_antaixiangi_14.jpg,south_china
neoalbaillella_antaixiangi_4.jpg,south_china
follicucullus_dilatatus_10.jpg,south_china
follicucullus_dilatatus_4.jpg,south_china
follicucullus_dilatatus_8.jpg,south_china
follicucullus_dilatatus_11.jpg,south_china
follicucullus_dilatatus_5.jpg,south_china
follicucullus_dilatatus_15.jpg,south_china
follicucullus_dilatatus_2.jpg,south_china
follicucullus_dilatatus.jpg,south_china
follicucullus_dilatatus_12.jpg,south_china
follicucullus_dilatatus_7.jpg,south_china
follicucullus_dilatatus_9.jpg,south_china
follicucullus_dilatatus_14.jpg,south_china
follicucullus_dilatatus_13.jpg,south_china
follicucullus_dilatatus_3.jpg,south_china
follicucullus_dilatatus_6.jpg,south_china
albaillella_amplificata_7.jpg,south_china
albaillella_amplificata_4.jpg,south_china
albaillella_amplificata_6.jpg,south_china
albaillella_amplificata_10.jpg,south_china
albaillella_amplificata_15.jpg,south_china
albaillella_amplificata_11.jpg,south_china
albaillella_amplificata_8.jpg,south_china
albaillella_amplificata_3.jpg,south_china
albaillella_amplificata.jpg,south_china
albaillella_amplificata_14.jpg,south_china
albaillella_amplificata_2.jpg,south_china
albaillella_amplificata_9.jpg,south_china
albaillella_amplificata_13.jpg,south_china
albaillella_amplificata_12.jpg,south_china
albaillella_amplificata_5.jpg,south_china
albaillella_protolevis.jpg,south_china
albaillella_protolevis_10.jpg,south_china
albaillella_protolevis_3.jpg,south_china
albaillella_protolevis_12.jpg,south_china
albaillella_protolevis_7.jpg,south_china
albaillella_protolevis_6.jpg,south_china
albaillella_protolevis_9.jpg,south_china
albaillella_protolevis_13.jpg,south_china
albaillella_protolevis_2.jpg,south_china
albaillella_protolevis_15.jpg,south_china
albaillella_protolevis_5.jpg,south_china
albaillella_protolevis_8.jpg,south_china
albaillella_protolevis_14.jpg,south_china
albaillella_protolevis_11.jpg,south_china
albaillella_protolevis_4.jpg,south_china
albaillella_pseudoparadoxa_14.jpg,south_china
albaillella_pseudoparadoxa_7.jpg,south_china
albaillella_pseudoparadoxa_6.jpg,south_china
albaillella_pseudoparadoxa_4.jpg,south_china
albaillella_pseudoparadoxa_8.jpg,south_china
albaillella_pseudoparadoxa_3.jpg,south_china
albaillella_pseudoparadoxa_10.jpg,south_china
albaillella_pseudoparadoxa_13.jpg,south_china
albaillella_pseudoparadoxa_11.jpg,south_china
albaillella_pseudoparadoxa_15.jpg,south_china
albaillella_pseudoparadoxa_2.jpg,south_china
albaillella_pseudoparadoxa.jpg,south_china
albaillella_pseudoparadoxa_9.jpg,south_china
albaillella_pseudoparadoxa_12.jpg,south_china
albaillella_pseudoparadoxa_5.jpg,south_china
albaillella_bialata_2.jpg,south_china
albaillella_bialata_10.jpg,south_china
albaillella_bialata_4.jpg,south_china
albaillella_bialata_8.jpg,south_china
albaillella_bialata_9.jpg,south_china
albaillella_bialata_3.jpg,south_china
albaillella_bialata_15.jpg,south_china
albaillella_bialata_13.jpg,south_china
albaillella_bialata.jpg,south_china
albaillella_bialata_5.jpg,south_china
albaillella_bialata_7.jpg,south_china
albaillella_bialata_14.jpg,south_china
albaillella_bialata_12.jpg,south_china
albaillella_bialata_11.jpg,south_china
albaillella_bialata_6.jpg,south_china
pseudoalbaillella_annulata_13.jpg,south_china
pseudoalbaillella_annulata.jpg,south_china
pseudoalbaillella_annulata_15.jpg,south_china
pseudoalbaillella_annulata_8.jpg,south_china
pseudoalbaillella_annulata_11.jpg,south_china
pseudoalbaillella_annulata_12.jpg,south_china
pseudoalbaillella_annulata_9.jpg,south_china
pseudoalbaillella_annulata_2.jpg,south_china
pseudoalbaillella_annulata_3.jpg,south_china
pseudoalbaillella_annulata_7.jpg,south_china
pseudoalbaillella_annulata_6.jpg,south_china
pseudoalbaillella_annulata_4.jpg,south_china
pseudoalbaillella_annulata_14.jpg,south_china
pseudoalbaillella_annulata_10.jpg,south_china
pseudoalbaillella_annulata_5.jpg,south_china
Haplodiacanthus_levitoflexus.jpg,south_china
Haplodiacanthus_levitoflexus_8.jpg,south_china
Haplodiacanthus_levitoflexus_7.jpg,south_china
Haplodiacanthus_levitoflexus_14.jpg,south_china
Haplodiacanthus_levitoflexus_10.jpg,south_china
Haplodiacanthus_levitoflexus_11.jpg,south_china
Haplodiacanthus_levitoflexus_9.jpg,south_china
Haplodiacanthus_levitoflexus_12.jpg,south_china
Haplodiacanthus_levitoflexus_13.jpg,south_china
Haplodiacanthus_levitoflexus_3.jpg,south_china
Haplodiacanthus_levitoflexus_5.jpg,south_china
Haplodiacanthus_levitoflexus_6.jpg,south_china
Haplodiacanthus_levitoflexus_15.jpg,south_china
Haplodiacanthus_levitoflexus_2.jpg,south_china
Haplodiacanthus_levitoflexus_4.jpg,south_china
follicucullus_sphaericus_2.jpg,south_china
follicucullus_sphaericus_4.jpg,south_china
follicucullus_sphaericus_12.jpg,south_china
follicucullus_sphaericus_10.jpg,south_china
follicucullus_sphaericus_3.jpg,south_china
follicucullus_sphaericus_8.jpg,south_china
follicucullus_sphaericus_13.jpg,south_china
follicucullus_sphaericus_6.jpg,south_china
follicucullus_sphaericus_14.jpg,south_china
follicucullus_sphaericus_7.jpg,south_china
follicucullus_sphaericus_9.jpg,south_china
follicucullus_sphaericus.jpg,south_china
follicucullus_sphaericus_11.jpg,south_china
follicucullus_sphaericus_5.jpg,south_china
follicucullus_sphaericus_15.jpg,south_china
albaillella_philipsensis_6.jpg,south_china
albaillella_philipsensis_8.jpg,south_china
albaillella_philipsensis_4.jpg,south_china
albaillella_philipsensis_10.jpg,south_china
albaillella_philipsensis_5.jpg,south_china
albaillella_philipsensis_12.jpg,south_china
albaillella_philipsensis_7.jpg,south_china
albaillella_philipsensis_13.jpg,south_china
albaillella_philipsensis_9.jpg,south_china
albaillella_philipsensis.jpg,south_china
albaillella_philipsensis_11.jpg,south_china
albaillella_philipsensis_3.jpg,south_china
albaillella_philipsensis_15.jpg,south_china
albaillella_philipsensis_14.jpg,south_china
albaillella_philipsensis_2.jpg,south_china
albaillella_yaoi_yaoi_6.jpg,south_china
albaillella_yaoi_yaoi_4.jpg,south_china
albaillella_yaoi_yaoi_2.jpg,south_china
albaillella_yaoi_yaoi_7.jpg,south_china
albaillella_yaoi_yaoi_10.jpg,south_china
albaillella_yaoi_yaoi_3.jpg,south_china
albaillella_yaoi_yaoi_12.jpg,south_china
albaillella_yaoi_yaoi_14.jpg,south_china
albaillella_yaoi_yaoi_13.jpg,south_china
albaillella_yaoi_yaoi_8.jpg,south_china
albaillella_yaoi_yaoi.jpg,south_china
albaillella_yaoi_yaoi_11.jpg,south_china
albaillella_yaoi_yaoi_15.jpg,south_china
albaillella_yaoi_yaoi_5.jpg,south_china
albaillella_yaoi_yaoi_9.jpg,south_china
neoalbaillella_pseudogrypus_3.jpg,south_china
neoalbaillella_pseudogrypus_12.jpg,south_china
neoalbaillella_pseudogrypus_6.jpg,south_china
neoalbaillella_pseudogrypus_8.jpg,south_china
neoalbaillella_pseudogrypus.jpg,south_china
neoalbaillella_pseudogrypus_4.jpg,south_china
neoalbaillella_pseudogrypus_11.jpg,south_china
neoalbaillella_pseudogrypus_5.jpg,south_china
neoalbaillella_pseudogrypus_10.jpg,south_china
neoalbaillella_pseudogrypus_14.jpg,south_china
neoalbaillella_pseudogrypus_13.jpg,south_china
neoalbaillella_pseudogrypus_7.jpg,south_china
neoalbaillella_pseudogrypus_15.jpg,south_china
neoalbaillella_pseudogrypus_9.jpg,south_china
neoalbaillella_pseudogrypus_2.jpg,south_china
albaillella_tuboforma_3.jpg,south_china
albaillella_tuboforma_12.jpg,south_china
albaillella_tuboforma_4.jpg,south_china
albaillella_tuboforma_8.jpg,south_china
albaillella_tuboforma.jpg,south_china
albaillella_tuboforma_6.jpg,south_china
albaillella_tuboforma_10.jpg,south_china
albaillella_tuboforma_11.jpg,south_china
albaillella_tuboforma_14.jpg,south_china
albaillella_tuboforma_13.jpg,south_china
albaillella_tuboforma_9.jpg,south_china
albaillella_tuboforma_5.jpg,south_china
albaillella_tuboforma_15.jpg,south_china
albaillella_tuboforma_7.jpg,south_china
albaillella_tuboforma_2.jpg,south_china
Ceratoikiscum_riedeli.jpg,south_china
Ceratoikiscum_riedeli_12.jpg,south_china
Ceratoikiscum_riedeli_13.jpg,south_china
Ceratoikiscum_riedeli_4.jpg,south_china
Ceratoikiscum_riedeli_5.jpg,south_china
Ceratoikiscum_riedeli_2.jpg,south_china
Ceratoikiscum_riedeli_14.jpg,south_china
Ceratoikiscum_riedeli_3.jpg,south_china
Ceratoikiscum_riedeli_9.jpg,south_china
Ceratoikiscum_riedeli_6.jpg,south_china
Ceratoikiscum_riedeli_10.jpg,south_china
Ceratoikiscum_riedeli_8.jpg,south_china
Ceratoikiscum_riedeli_7.jpg,south_china
Ceratoikiscum_riedeli_15.jpg,south_china
Ceratoikiscum_riedeli_11.jpg,south_china
pseudoalbaillella_scalprata_9.jpg,south_china
pseudoalbaillella_scalprata_5.jpg,south_china
pseudoalbaillella_scalprata.jpg,south_china
pseudoalbaillella_scalprata_2.jpg,south_china
pseudoalbaillella_scalprata_13.jpg,south_china
pseudoalbaillella_scalprata_6.jpg,south_china
pseudoalbaillella_scalprata_14.jpg,south_china
pseudoalbaillella_scalprata_15.jpg,south_china
pseudoalbaillella_scalprata_3.jpg,south_china
pseudoalbaillella_scalprata_4.jpg,south_china
pseudoalbaillella_scalprata_10.jpg,south_china
pseudoalbaillella_scalprata_7.jpg,south_china
pseudoalbaillella_scalprata_12.jpg,south_china
pseudoalbaillella_scalprata_11.jpg,south_china
pseudoalbaillella_scalprata_8.jpg,south_china
pseudoalbaillella_scalprata_praescalprata_15.jpg,south_china
pseudoalbaillella_scalprata_praescalprata.jpg,south_china
pseudoalbaillella_scalprata_praescalprata_12.jpg,south_china
pseudoalbaillella_scalprata_praescalprata_11.jpg,south_china
pseudoalbaillella_scalprata_praescalprata_13.jpg,south_china
pseudoalbaillella_scalprata_praescalprata_14.jpg,south_china
pseudoalbaillella_scalprata_praescalprata_6.jpg,south_china
pseudoalbaillella_scalprata_praescalprata_10.jpg,south_china
pseudoalbaillella_scalprata_praescalprata_9.jpg,south_china
pseudoalbaillella_scalprata_praescalprata_2.jpg,south_china
pseudoalbaillella_scalprata_praescalprata_3.jpg,south_china
pseudoalbaillella_scalprata_praescalprata_8.jpg,south_china
pseudoalbaillella_scalprata_praescalprata_5.jpg,south_china
pseudoalbaillella_scalprata_praescalprata_7.jpg,south_china
pseudoalbaillella_scalprata_praescalprata_4.jpg,south_china
albaillella_cartalla_8.jpg,south_china
albaillella_cartalla_9.jpg,south_china
albaillella_cartalla_10.jpg,south_china
albaillella_cartalla_15.jpg,south_china
albaillella_cartalla.jpg,south_china
albaillella_cartalla_3.jpg,south_china
albaillella_cartalla_6.jpg,south_china
albaillella_cartalla_4.jpg,south_china
albaillella_cartalla_12.jpg,south_china
albaillella_cartalla_7.jpg,south_china
albaillella_cartalla_11.jpg,south_china
albaillella_cartalla_13.jpg,south_china
albaillella_cartalla_5.jpg,south_china
albaillella_cartalla_2.jpg,south_china
albaillella_cartalla_14.jpg,south_china
albaillella_excelsa_12.jpg,south_china
albaillella_excelsa_15.jpg,south_china
albaillella_excelsa_9.jpg,south_china
albaillella_excelsa_14.jpg,south_china
albaillella_excelsa_2.jpg,south_china
albaillella_excelsa_7.jpg,south_china
albaillella_excelsa_5.jpg,south_china
albaillella_excelsa_6.jpg,south_china
albaillella_excelsa_13.jpg,south_china
albaillella_excelsa_10.jpg,south_china
albaillella_excelsa.jpg,south_china
albaillella_excelsa_4.jpg,south_china
albaillella_excelsa_11.jpg,south_china
albaillella_excelsa_8.jpg,south_china
albaillella_excelsa_3.jpg,south_china
albaillella_ishigai_15.jpg,south_china
albaillella_ishigai_9.jpg,south_china
albaillella_ishigai_2.jpg,south_china
albaillella_ishigai_14.jpg,south_china
albaillella_ishigai_5.jpg,south_china
albaillella_ishigai.jpg,south_china
albaillella_ishigai_11.jpg,south_china
albaillella_ishigai_4.jpg,south_china
albaillella_ishigai_6.jpg,south_china
albaillella_ishigai_13.jpg,south_china
albaillella_ishigai_12.jpg,south_china
albaillella_ishigai_3.jpg,south_china
albaillella_ishigai_8.jpg,south_china
albaillella_ishigai_10.jpg,south_china
albaillella_ishigai_7.jpg,south_china
follicucullus_porrectus_5.jpg,south_china
follicucullus_porrectus_14.jpg,south_china
follicucullus_porrectus_10.jpg,south_china
follicucullus_porrectus_3.jpg,south_china
follicucullus_porrectus_12.jpg,south_china
follicucullus_porrectus_11.jpg,south_china
follicucullus_porrectus.jpg,south_china
follicucullus_porrectus_8.jpg,south_china
follicucullus_porrectus_4.jpg,south_china
follicucullus_porrectus_7.jpg,south_china
follicucullus_porrectus_9.jpg,south_china
follicucullus_porrectus_13.jpg,south_china
follicucullus_porrectus_2.jpg,south_china
follicucullus_porrectus_15.jpg,south_china
follicucullus_porrectus_6.jpg,south_china
Ceratoikiscum_labyrintheum_10.jpg,south_china
Ceratoikiscum_labyrintheum_3.jpg,south_china
Ceratoikiscum_labyrintheum_6.jpg,south_china
Ceratoikiscum_labyrintheum_4.jpg,south_china
Ceratoikiscum_labyrintheum_14.jpg,south_china
Ceratoikiscum_labyrintheum_5.jpg,south_china
Ceratoikiscum_labyrintheum.jpg,south_china
Ceratoikiscum_labyrintheum_12.jpg,south_china
Ceratoikiscum_labyrintheum_13.jpg,south_china
Ceratoikiscum_labyrintheum_15.jpg,south_china
Ceratoikiscum_labyrintheum_2.jpg,south_china
Ceratoikiscum_labyrintheum_7.jpg,south_china
Ceratoikiscum_labyrintheum_8.jpg,south_china
Ceratoikiscum_labyrintheum_11.jpg,south_china
Ceratoikiscum_labyrintheum_9.jpg,south_china
Ceratoikiscum_extraordinarium_3.jpg,south_china
Ceratoikiscum_extraordinarium_7.jpg,south_china
Ceratoikiscum_extraordinarium_15.jpg,south_china
Ceratoikiscum_extraordinarium_6.jpg,south_china
Ceratoikiscum_extraordinarium_14.jpg,south_china
Ceratoikiscum_extraordinarium_8.jpg,south_china
Ceratoikiscum_extraordinarium_12.jpg,south_china
Ceratoikiscum_extraordinarium_13.jpg,south_china
Ceratoikiscum_extraordinarium_5.jpg,south_china
Ceratoikiscum_extraordinarium_11.jpg,south_china
Ceratoikiscum_extraordinarium.jpg,south_china
Ceratoikiscum_extraordinarium_2.jpg,south_china
Ceratoikiscum_extraordinarium_9.jpg,south_china
Ceratoikiscum_extraordinarium_10.jpg,south_china
Ceratoikiscum_extraordinarium_4.jpg,south_china
Ceratoikiscum_kochiense_14.jpg,south_china
Ceratoikiscum_kochiense.jpg,south_china
Ceratoikiscum_kochiense_12.jpg,south_china
Ceratoikiscum_kochiense_11.jpg,south_china
Ceratoikiscum_kochiense_4.jpg,south_china
Ceratoikiscum_kochiense_6.jpg,south_china
Ceratoikiscum_kochiense_3.jpg,south_china
Ceratoikiscum_kochiense_10.jpg,south_china
Ceratoikiscum_kochiense_7.jpg,south_china
Ceratoikiscum_kochiense_8.jpg,south_china
Ceratoikiscum_kochiense_9.jpg,south_china
Ceratoikiscum_kochiense_5.jpg,south_china
Ceratoikiscum_kochiense_13.jpg,south_china
Ceratoikiscum_kochiense_2.jpg,south_china
Ceratoikiscum_kochiense_15.jpg,south_china
albaillella_sinuata.jpg,south_china
albaillella_sinuata_3.jpg,south_china
albaillella_sinuata_12.jpg,south_china
albaillella_sinuata_9.jpg,south_china
albaillella_sinuata_8.jpg,south_china
albaillella_sinuata_4.jpg,south_china
albaillella_sinuata_6.jpg,south_china
albaillella_sinuata_11.jpg,south_china
albaillella_sinuata_15.jpg,south_china
albaillella_sinuata_5.jpg,south_china
albaillella_sinuata_10.jpg,south_china
albaillella_sinuata_7.jpg,south_china
albaillella_sinuata_14.jpg,south_china
albaillella_sinuata_13.jpg,south_china
albaillella_sinuata_2.jpg,south_china
protoalbaillella_formosa_12.jpg,south_china
protoalbaillella_formosa_13.jpg,south_china
protoalbaillella_formosa.jpg,south_china
protoalbaillella_formosa_15.jpg,south_china
protoalbaillella_formosa_4.jpg,south_china
protoalbaillella_formosa_9.jpg,south_china
protoalbaillella_formosa_14.jpg,south_china
protoalbaillella_formosa_8.jpg,south_china
protoalbaillella_formosa_7.jpg,south_china
protoalbaillella_formosa_3.jpg,south_china
protoalbaillella_formosa_11.jpg,south_china
protoalbaillella_formosa_5.jpg,south_china
protoalbaillella_formosa_6.jpg,south_china
protoalbaillella_formosa_2.jpg,south_china
protoalbaillella_formosa_10.jpg,south_china
albaillella_inflata_2.jpg,south_china
albaillella_inflata_5.jpg,south_china
albaillella_inflata_3.jpg,south_china
albaillella_inflata_7.jpg,south_china
albaillella_inflata.jpg,south_china
albaillella_inflata_14.jpg,south_china
albaillella_inflata_13.jpg,south_china
albaillella_inflata_9.jpg,south_china
albaillella_inflata_12.jpg,south_china
albaillella_inflata_11.jpg,south_china
albaillella_inflata_4.jpg,south_china
albaillella_inflata_15.jpg,south_china
albaillella_inflata_10.jpg,south_china
albaillella_inflata_8.jpg,south_china
albaillella_inflata_6.jpg,south_china
Ceratoikiscum_hexaspina_8.jpg,south_china
Ceratoikiscum_hexaspina_5.jpg,south_china
Ceratoikiscum_hexaspina_13.jpg,south_china
Ceratoikiscum_hexaspina_14.jpg,south_china
Ceratoikiscum_hexaspina_3.jpg,south_china
Ceratoikiscum_hexaspina_11.jpg,south_china
Ceratoikiscum_hexaspina_12.jpg,south_china
Ceratoikiscum_hexaspina_6.jpg,south_china
Ceratoikiscum_hexaspina_7.jpg,south_china
Ceratoikiscum_hexaspina_15.jpg,south_china
Ceratoikiscum_hexaspina.jpg,south_china
Ceratoikiscum_hexaspina_10.jpg,south_china
Ceratoikiscum_hexaspina_4.jpg,south_china
Ceratoikiscum_hexaspina_2.jpg,south_china
Ceratoikiscum_hexaspina_9.jpg,south_china
Albaillella_saltatoria_6.jpg,south_china
Albaillella_saltatoria_4.jpg,south_china
Albaillella_saltatoria.jpg,south_china
Albaillella_saltatoria_2.jpg,south_china
Albaillella_saltatoria_7.jpg,south_china
Albaillella_saltatoria_12.jpg,south_china
Albaillella_saltatoria_15.jpg,south_china
Albaillella_saltatoria_8.jpg,south_china
Albaillella_saltatoria_11.jpg,south_china
Albaillella_saltatoria_3.jpg,south_china
Albaillella_saltatoria_10.jpg,south_china
Albaillella_saltatoria_14.jpg,south_china
Albaillella_saltatoria_9.jpg,south_china
Albaillella_saltatoria_5.jpg,south_china
Albaillella_saltatoria_13.jpg,south_china
albaillella_pennata_13.jpg,south_china
albaillella_pennata_2.jpg,south_china
albaillella_pennata_14.jpg,south_china
albaillella_pennata_12.jpg,south_china
albaillella_pennata_8.jpg,south_china
albaillella_pennata_4.jpg,south_china
albaillella_pennata_9.jpg,south_china
albaillella_pennata.jpg,south_china
albaillella_pennata_3.jpg,south_china
albaillella_pennata_7.jpg,south_china
albaillella_pennata_6.jpg,south_china
albaillella_pennata_11.jpg,south_china
albaillella_pennata_5.jpg,south_china
albaillella_pennata_15.jpg,south_china
albaillella_pennata_10.jpg,south_china
albaillella_mameti_5.jpg,south_china
albaillella_mameti.jpg,south_china
albaillella_mameti_6.jpg,south_china
albaillella_mameti_7.jpg,south_china
albaillella_mameti_4.jpg,south_china
albaillella_mameti_15.jpg,south_china
albaillella_mameti_8.jpg,south_china
albaillella_mameti_14.jpg,south_china
albaillella_mameti_11.jpg,south_china
albaillella_mameti_12.jpg,south_china
albaillella_mameti_10.jpg,south_china
albaillella_mameti_2.jpg,south_china
albaillella_mameti_13.jpg,south_china
albaillella_mameti_9.jpg,south_china
albaillella_mameti_3.jpg,south_china
Ceratoikiscum_famenium_15.jpg,south_china
Ceratoikiscum_famenium_14.jpg,south_china
Ceratoikiscum_famenium_8.jpg,south_china
Ceratoikiscum_famenium_5.jpg,south_china
Ceratoikiscum_famenium_10.jpg,south_china
Ceratoikiscum_famenium_9.jpg,south_china
Ceratoikiscum_famenium_2.jpg,south_china
Ceratoikiscum_famenium_12.jpg,south_china
Ceratoikiscum_famenium_6.jpg,south_china
Ceratoikiscum_famenium_7.jpg,south_china
Ceratoikiscum_famenium_4.jpg,south_china
Ceratoikiscum_famenium.jpg,south_china
Ceratoikiscum_famenium_13.jpg,south_china
Ceratoikiscum_famenium_3.jpg,south_china
Ceratoikiscum_famenium_11.jpg,south_china
albaillella_pessagnoi_13.jpg,south_china
albaillella_pessagnoi_15.jpg,south_china
albaillella_pessagnoi_7.jpg,south_china
albaillella_pessagnoi_10.jpg,south_china
albaillella_pessagnoi_12.jpg,south_china
albaillella_pessagnoi_4.jpg,south_china
albaillella_pessagnoi_2.jpg,south_china
albaillella_pessagnoi_5.jpg,south_china
albaillella_pessagnoi_8.jpg,south_china
albaillella_pessagnoi_14.jpg,south_china
albaillella_pessagnoi.jpg,south_china
albaillella_pessagnoi_6.jpg,south_china
albaillella_pessagnoi_11.jpg,south_china
albaillella_pessagnoi_9.jpg,south_china
albaillella_pessagnoi_3.jpg,south_china
Ceratoikiscum_lyratum_9.jpg,south_china
Ceratoikiscum_lyratum_5.jpg,south_china
Ceratoikiscum_lyratum_11.jpg,south_china
Ceratoikiscum_lyratum_12.jpg,south_china
Ceratoikiscum_lyratum.jpg,south_china
Ceratoikiscum_lyratum_6.jpg,south_china
Ceratoikiscum_lyratum_15.jpg,south_china
Ceratoikiscum_lyratum_4.jpg,south_china
Ceratoikiscum_lyratum_10.jpg,south_china
Ceratoikiscum_lyratum_13.jpg,south_china
Ceratoikiscum_lyratum_7.jpg,south_china
Ceratoikiscum_lyratum_2.jpg,south_china
Ceratoikiscum_lyratum_8.jpg,south_china
Ceratoikiscum_lyratum_14.jpg,south_china
Ceratoikiscum_lyratum_3.jpg,south_china
albaillella_furcata_7.jpg,south_china
albaillella_furcata_3.jpg,south_china
albaillella_furcata_2.jpg,south_china
albaillella_furcata_5.jpg,south_china
albaillella_furcata_11.jpg,south_china
albaillella_furcata_6.jpg,south_china
albaillella_furcata_13.jpg,south_china
albaillella_furcata_8.jpg,south_china
albaillella_furcata_4.jpg,south_china
albaillella_furcata_9.jpg,south_china
albaillella_furcata_12.jpg,south_china
albaillella_furcata_15.jpg,south_china
albaillella_furcata.jpg,south_china
albaillella_furcata_10.jpg,south_china
albaillella_furcata_14.jpg,south_china
neoalbaillella_ornithoformis_12.jpg,south_china
neoalbaillella_ornithoformis_15.jpg,south_china
neoalbaillella_ornithoformis_6.jpg,south_china
neoalbaillella_ornithoformis_9.jpg,south_china
neoalbaillella_ornithoformis_7.jpg,south_china
neoalbaillella_ornithoformis_13.jpg,south_china
neoalbaillella_ornithoformis_14.jpg,south_china
neoalbaillella_ornithoformis.jpg,south_china
neoalbaillella_ornithoformis_2.jpg,south_china
neoalbaillella_ornithoformis_4.jpg,south_china
neoalbaillella_ornithoformis_8.jpg,south_china
neoalbaillella_ornithoformis_10.jpg,south_china
neoalbaillella_ornithoformis_11.jpg,south_china
neoalbaillella_ornithoformis_3.jpg,south_china
neoalbaillella_ornithoformis_5.jpg,south_china
Ceratoikiscum_konomoriense_11.jpg,south_china
Ceratoikiscum_konomoriense_8.jpg,south_china
Ceratoikiscum_konomoriense_4.jpg,south_china
Ceratoikiscum_konomoriense_10.jpg,south_china
Ceratoikiscum_konomoriense_2.jpg,south_china
Ceratoikiscum_konomoriense_12.jpg,south_china
Ceratoikiscum_konomoriense_14.jpg,south_china
Ceratoikiscum_konomoriense_3.jpg,south_china
Ceratoikiscum_konomoriense_7.jpg,south_china
Ceratoikiscum_konomoriense_9.jpg,south_china
Ceratoikiscum_konomoriense_13.jpg,south_china
Ceratoikiscum_konomoriense.jpg,south_china
Ceratoikiscum_konomoriense_15.jpg,south_china
Ceratoikiscum_konomoriense_6.jpg,south_china
Ceratoikiscum_konomoriense_5.jpg,south_china
follicucullus_quadrataris_4.jpg,south_china
follicucullus_quadrataris_8.jpg,south_china
follicucullus_quadrataris_13.jpg,south_china
follicucullus_quadrataris.jpg,south_china
follicucullus_quadrataris_12.jpg,south_china
follicucullus_quadrataris_14.jpg,south_china
follicucullus_quadrataris_5.jpg,south_china
follicucullus_quadrataris_7.jpg,south_china
follicucullus_quadrataris_3.jpg,south_china
follicucullus_quadrataris_6.jpg,south_china
follicucullus_quadrataris_9.jpg,south_china
follicucullus_quadrataris_10.jpg,south_china
follicucullus_quadrataris_15.jpg,south_china
follicucullus_quadrataris_11.jpg,south_china
follicucullus_quadrataris_2.jpg,south_china
Longtanella_edamame_11.jpg,south_china
Longtanella_edamame_12.jpg,south_china
Longtanella_edamame_7.jpg,south_china
Longtanella_edamame_13.jpg,south_china
Longtanella_edamame_3.jpg,south_china
Longtanella_edamame_9.jpg,south_china
Longtanella_edamame_6.jpg,south_china
Longtanella_edamame_5.jpg,south_china
Longtanella_edamame_15.jpg,south_china
Longtanella_edamame_8.jpg,south_china
Longtanella_edamame_2.jpg,south_china
Longtanella_edamame_4.jpg,south_china
Longtanella_edamame_10.jpg,south_china
Longtanella_edamame.jpg,south_china
Longtanella_edamame_14.jpg,south_china
Ceratoikiscum_rotundum.jpg,south_china
Ceratoikiscum_rotundum_8.jpg,south_china
Ceratoikiscum_rotundum_13.jpg,south_china
Ceratoikiscum_rotundum_7.jpg,south_china
Ceratoikiscum_rotundum_5.jpg,south_china
Ceratoikiscum_rotundum_11.jpg,south_china
Ceratoikiscum_rotundum_14.jpg,south_china
Ceratoikiscum_rotundum_6.jpg,south_china
Ceratoikiscum_rotundum_10.jpg,south_china
Ceratoikiscum_rotundum_2.jpg,south_china
Ceratoikiscum_rotundum_9.jpg,south_china
Ceratoikiscum_rotundum_3.jpg,south_china
Ceratoikiscum_rotundum_15.jpg,south_china
Ceratoikiscum_rotundum_12.jpg,south_china
Ceratoikiscum_rotundum_4.jpg,south_china
albaillella_hushanensis_10.jpg,south_china
albaillella_hushanensis_11.jpg,south_china
albaillella_hushanensis_12.jpg,south_china
albaillella_hushanensis_15.jpg,south_china
albaillella_hushanensis_6.jpg,south_china
albaillella_hushanensis_14.jpg,south_china
albaillella_hushanensis_9.jpg,south_china
albaillella_hushanensis.jpg,south_china
albaillella_hushanensis_13.jpg,south_china
albaillella_hushanensis_5.jpg,south_china
albaillella_hushanensis_3.jpg,south_china
albaillella_hushanensis_7.jpg,south_china
albaillella_hushanensis_4.jpg,south_china
albaillella_hushanensis_8.jpg,south_china
albaillella_hushanensis_2.jpg,south_china
follicucullus_monacanhtus_10.jpg,south_china
follicucullus_monacanhtus_4.jpg,south_china
follicucullus_monacanhtus_14.jpg,south_china
follicucullus_monacanhtus_6.jpg,south_china
follicucullus_monacanhtus_2.jpg,south_china
follicucullus_monacanhtus_13.jpg,south_china
follicucullus_monacanhtus_8.jpg,south_china
follicucullus_monacanhtus_9.jpg,south_china
follicucullus_monacanhtus_3.jpg,south_china
follicucullus_monacanhtus_7.jpg,south_china
follicucullus_monacanhtus_15.jpg,south_china
follicucullus_monacanhtus_11.jpg,south_china
follicucullus_monacanhtus.jpg,south_china
follicucullus_monacanhtus_5.jpg,south_china
follicucullus_monacanhtus_12.jpg,south_china
albaillella_xiaodongensis_14.jpg,south_china
albaillella_xiaodongensis_4.jpg,south_china
albaillella_xiaodongensis_2.jpg,south_china
albaillella_xiaodongensis_11.jpg,south_china
albaillella_xiaodongensis_8.jpg,south_china
albaillella_xiaodongensis_10.jpg,south_china
albaillella_xiaodongensis_7.jpg,south_china
albaillella_xiaodongensis_15.jpg,south_china
albaillella_xiaodongensis_6.jpg,south_china
albaillella_xiaodongensis_12.jpg,south_china
albaillella_xiaodongensis.jpg,south_china
albaillella_xiaodongensis_9.jpg,south_china
albaillella_xiaodongensis_3.jpg,south_china
albaillella_xiaodongensis_13.jpg,south_china
albaillella_xiaodongensis_5.jpg,south_china
Albaillella_protoforemanae_9.jpg,south_china
Albaillella_protoforemanae_12.jpg,south_china
Albaillella_protoforemanae_11.jpg,south_china
Albaillella_protoforemanae_8.jpg,south_china
Albaillella_protoforemanae_10.jpg,south_china
Albaillella_protoforemanae_7.jpg,south_china
Albaillella_protoforemanae_2.jpg,south_china
Albaillella_protoforemanae_3.jpg,south_china
Albaillella_protoforemanae_5.jpg,south_china
Albaillella_protoforemanae_6.jpg,south_china
Albaillella_protoforemanae_4.jpg,south_china
Albaillella_protoforemanae_14.jpg,south_china
Albaillella_protoforemanae_13.jpg,south_china
Albaillella_protoforemanae_15.jpg,south_china
Albaillella_protoforemanae.jpg,south_china
Ceratoikiscum_mirum_5.jpg,south_china
Ceratoikiscum_mirum_4.jpg,south_china
Ceratoikiscum_mirum_10.jpg,south_china
Ceratoikiscum_mirum_2.jpg,south_china
Ceratoikiscum_mirum_11.jpg,south_china
Ceratoikiscum_mirum_3.jpg,south_china
Ceratoikiscum_mirum_8.jpg,south_china
Ceratoikiscum_mirum_13.jpg,south_china
Ceratoikiscum_mirum.jpg,south_china
Ceratoikiscum_mirum_7.jpg,south_china
Ceratoikiscum_mirum_6.jpg,south_china
Ceratoikiscum_mirum_14.jpg,south_china
Ceratoikiscum_mirum_9.jpg,south_china
Ceratoikiscum_mirum_12.jpg,south_china
Ceratoikiscum_mirum_15.jpg,south_china
Ceratoikiscum_incomptum_5.jpg,south_china
Ceratoikiscum_incomptum_10.jpg,south_china
Ceratoikiscum_incomptum_11.jpg,south_china
Ceratoikiscum_incomptum_3.jpg,south_china
Ceratoikiscum_incomptum_6.jpg,south_china
Ceratoikiscum_incomptum_2.jpg,south_china
Ceratoikiscum_incomptum_14.jpg,south_china
Ceratoikiscum_incomptum_9.jpg,south_china
Ceratoikiscum_incomptum.jpg,south_china
Ceratoikiscum_incomptum_7.jpg,south_china
Ceratoikiscum_incomptum_15.jpg,south_china
Ceratoikiscum_incomptum_4.jpg,south_china
Ceratoikiscum_incomptum_13.jpg,south_china
Ceratoikiscum_incomptum_12.jpg,south_china
Ceratoikiscum_incomptum_8.jpg,south_china
follicucullus_bipartitus_4.jpg,south_china
follicucullus_bipartitus_2.jpg,south_china
follicucullus_bipartitus_15.jpg,south_china
follicucullus_bipartitus_6.jpg,south_china
follicucullus_bipartitus_8.jpg,south_china
follicucullus_bipartitus_14.jpg,south_china
follicucullus_bipartitus_9.jpg,south_china
follicucullus_bipartitus_5.jpg,south_china
follicucullus_bipartitus_10.jpg,south_china
follicucullus_bipartitus_11.jpg,south_china
follicucullus_bipartitus.jpg,south_china
follicucullus_bipartitus_3.jpg,south_china
follicucullus_bipartitus_7.jpg,south_china
follicucullus_bipartitus_13.jpg,south_china
follicucullus_bipartitus_12.jpg,south_china
albaillella_harrisae_4.jpg,south_china
albaillella_harrisae_13.jpg,south_china
albaillella_harrisae_7.jpg,south_china
albaillella_harrisae_14.jpg,south_china
albaillella_harrisae_6.jpg,south_china
albaillella_harrisae_8.jpg,south_china
albaillella_harrisae_11.jpg,south_china
albaillella_harrisae_5.jpg,south_china
albaillella_harrisae_9.jpg,south_china
albaillella_harrisae_2.jpg,south_china
albaillella_harrisae_10.jpg,south_china
albaillella_harrisae_12.jpg,south_china
albaillella_harrisae_3.jpg,south_china
albaillella_harrisae_15.jpg,south_china
albaillella_harrisae.jpg,south_china
albaillella_riescheidensis_6.jpg,south_china
albaillella_riescheidensis_14.jpg,south_china
albaillella_riescheidensis_10.jpg,south_china
albaillella_riescheidensis_4.jpg,south_china
albaillella_riescheidensis_11.jpg,south_china
albaillella_riescheidensis_5.jpg,south_china
albaillella_riescheidensis_9.jpg,south_china
albaillella_riescheidensis_12.jpg,south_china
albaillella_riescheidensis_15.jpg,south_china
albaillella_riescheidensis_13.jpg,south_china
albaillella_riescheidensis_7.jpg,south_china
albaillella_riescheidensis_2.jpg,south_china
albaillella_riescheidensis_3.jpg,south_china
albaillella_riescheidensis_8.jpg,south_china
albaillella_riescheidensis.jpg,south_china
albaillella_undulata_11.jpg,south_china
albaillella_undulata_14.jpg,south_china
albaillella_undulata_5.jpg,south_china
albaillella_undulata_7.jpg,south_china
albaillella_undulata_4.jpg,south_china
albaillella_undulata_6.jpg,south_china
albaillella_undulata_13.jpg,south_china
albaillella_undulata.jpg,south_china
albaillella_undulata_10.jpg,south_china
albaillella_undulata_9.jpg,south_china
albaillella_undulata_3.jpg,south_china
albaillella_undulata_15.jpg,south_china
albaillella_undulata_2.jpg,south_china
albaillella_undulata_12.jpg,south_china
albaillella_undulata_8.jpg,south_china
pseudoalbaillella_aidensis_4.jpg,south_china
pseudoalbaillella_aidensis_10.jpg,south_china
pseudoalbaillella_aidensis_2.jpg,south_china
pseudoalbaillella_aidensis_12.jpg,south_china
pseudoalbaillella_aidensis.jpg,south_china
pseudoalbaillella_aidensis_6.jpg,south_china
pseudoalbaillella_aidensis_8.jpg,south_china
pseudoalbaillella_aidensis_14.jpg,south_china
pseudoalbaillella_aidensis_9.jpg,south_china
pseudoalbaillella_aidensis_3.jpg,south_china
pseudoalbaillella_aidensis_7.jpg,south_china
pseudoalbaillella_aidensis_11.jpg,south_china
pseudoalbaillella_aidensis_5.jpg,south_china
pseudoalbaillella_aidensis_15.jpg,south_china
pseudoalbaillella_aidensis_13.jpg,south_china
albaillella_bipennata_12.jpg,south_china
albaillella_bipennata_3.jpg,south_china
albaillella_bipennata_4.jpg,south_china
albaillella_bipennata_14.jpg,south_china
albaillella_bipennata_11.jpg,south_china
albaillella_bipennata.jpg,south_china
albaillella_bipennata_10.jpg,south_china
albaillella_bipennata_15.jpg,south_china
albaillella_bipennata_2.jpg,south_china
albaillella_bipennata_6.jpg,south_china
albaillella_bipennata_7.jpg,south_china
albaillella_bipennata_8.jpg,south_china
albaillella_bipennata_5.jpg,south_china
albaillella_bipennata_9.jpg,south_china
albaillella_bipennata_13.jpg,south_china
albaillella_asymmetrica_5.jpg,south_china
albaillella_asymmetrica_12.jpg,south_china
albaillella_asymmetrica_6.jpg,south_china
albaillella_asymmetrica_15.jpg,south_china
albaillella_asymmetrica_10.jpg,south_china
albaillella_asymmetrica_4.jpg,south_china
albaillella_asymmetrica_8.jpg,south_china
albaillella_asymmetrica_9.jpg,south_china
albaillella_asymmetrica_3.jpg,south_china
albaillella_asymmetrica.jpg,south_china
albaillella_asymmetrica_13.jpg,south_china
albaillella_asymmetrica_14.jpg,south_china
albaillella_asymmetrica_2.jpg,south_china
albaillella_asymmetrica_7.jpg,south_china
albaillella_asymmetrica_11.jpg,south_china
albaillella_rockensis_14.jpg,south_china
albaillella_rockensis_5.jpg,south_china
albaillella_rockensis_8.jpg,south_china
albaillella_rockensis_15.jpg,south_china
albaillella_rockensis_9.jpg,south_china
albaillella_rockensis_12.jpg,south_china
albaillella_rockensis_4.jpg,south_china
albaillella_rockensis_6.jpg,south_china
albaillella_rockensis.jpg,south_china
albaillella_rockensis_7.jpg,south_china
albaillella_rockensis_3.jpg,south_china
albaillella_rockensis_13.jpg,south_china
albaillella_rockensis_2.jpg,south_china
albaillella_rockensis_10.jpg,south_china
albaillella_rockensis_11.jpg,south_china
Lapidopiscum_piri_3.jpg,south_china
Lapidopiscum_piri_5.jpg,south_china
Lapidopiscum_piri_15.jpg,south_china
Lapidopiscum_piri_14.jpg,south_china
Lapidopiscum_piri_8.jpg,south_china
lapidopiscum_piri.jpg,south_china
Lapidopiscum_piri_10.jpg,south_china
Lapidopiscum_piri_7.jpg,south_china
Lapidopiscum_piri_12.jpg,south_china
Lapidopiscum_piri_2.jpg,south_china
Lapidopiscum_piri_6.jpg,south_china
Lapidopiscum_piri_4.jpg,south_china
Lapidopiscum_piri_9.jpg,south_china
Lapidopiscum_piri_13.jpg,south_china
Lapidopiscum_piri_11.jpg,south_china
Ceratoikiscum_delawarensis_7.jpg,south_china
Ceratoikiscum_delawarensis_4.jpg,south_china
Ceratoikiscum_delawarensis_8.jpg,south_china
Ceratoikiscum_delawarensis_9.jpg,south_china
Ceratoikiscum_delawarensis.jpg,south_china
Ceratoikiscum_delawarensis_5.jpg,south_china
Ceratoikiscum_delawarensis_14.jpg,south_china
Ceratoikiscum_delawarensis_10.jpg,south_china
Ceratoikiscum_delawarensis_3.jpg,south_china
Ceratoikiscum_delawarensis_11.jpg,south_china
Ceratoikiscum_delawarensis_12.jpg,south_china
Ceratoikiscum_delawarensis_15.jpg,south_china
Ceratoikiscum_delawarensis_13.jpg,south_china
Ceratoikiscum_delawarensis_6.jpg,south_china
Ceratoikiscum_delawarensis_2.jpg,south_china
Ceratoikiscum_ichinotaniense_13.jpg,south_china
Ceratoikiscum_ichinotaniense_6.jpg,south_china
Ceratoikiscum_ichinotaniense.jpg,south_china
Ceratoikiscum_ichinotaniense_5.jpg,south_china
Ceratoikiscum_ichinotaniense_9.jpg,south_china
Ceratoikiscum_ichinotaniense_14.jpg,south_china
Ceratoikiscum_ichinotaniense_15.jpg,south_china
Ceratoikiscum_ichinotaniense_12.jpg,south_china
Ceratoikiscum_ichinotaniense_2.jpg,south_china
Ceratoikiscum_ichinotaniense_8.jpg,south_china
Ceratoikiscum_ichinotaniense_10.jpg,south_china
Ceratoikiscum_ichinotaniense_3.jpg,south_china
Ceratoikiscum_ichinotaniense_4.jpg,south_china
Ceratoikiscum_ichinotaniense_7.jpg,south_china
Ceratoikiscum_ichinotaniense_11.jpg,south_china
follicucullus_charveti_7.jpg,south_china
follicucullus_charveti_2.jpg,south_china
follicucullus_charveti_3.jpg,south_china
follicucullus_charveti_13.jpg,south_china
follicucullus_charveti_15.jpg,south_china
follicucullus_charveti.jpg,south_china
follicucullus_charveti_4.jpg,south_china
follicucullus_charveti_9.jpg,south_china
follicucullus_charveti_6.jpg,south_china
follicucullus_charveti_12.jpg,south_china
follicucullus_charveti_14.jpg,south_china
follicucullus_charveti_10.jpg,south_china
follicucullus_charveti_11.jpg,south_china
follicucullus_charveti_5.jpg,south_china
follicucullus_charveti_8.jpg,south_china
albaillella_flabellata_4.jpg,south_china
albaillella_flabellata_7.jpg,south_china
albaillella_flabellata.jpg,south_china
albaillella_flabellata_9.jpg,south_china
albaillella_flabellata_10.jpg,south_china
albaillella_flabellata_6.jpg,south_china
albaillella_flabellata_13.jpg,south_china
albaillella_flabellata_3.jpg,south_china
albaillella_flabellata_14.jpg,south_china
albaillella_flabellata_11.jpg,south_china
albaillella_flabellata_15.jpg,south_china
albaillella_flabellata_8.jpg,south_china
albaillella_flabellata_12.jpg,south_china
albaillella_flabellata_5.jpg,south_china
albaillella_flabellata_2.jpg,south_china
Longtanella_follicucullinoides_15.jpg,south_china
Longtanella_follicucullinoides.jpg,south_china
Longtanella_follicucullinoides_3.jpg,south_china
Longtanella_follicucullinoides_12.jpg,south_china
Longtanella_follicucullinoides_11.jpg,south_china
Longtanella_follicucullinoides_13.jpg,south_china
Longtanella_follicucullinoides_9.jpg,south_china
Longtanella_follicucullinoides_10.jpg,south_china
Longtanella_follicucullinoides_14.jpg,south_china
Longtanella_follicucullinoides_8.jpg,south_china
Longtanella_follicucullinoides_2.jpg,south_china
Longtanella_follicucullinoides_6.jpg,south_china
Longtanella_follicucullinoides_4.jpg,south_china
Longtanella_follicucullinoides_7.jpg,south_china
Longtanella_follicucullinoides_5.jpg,south_china
Xiphocabrium_rigidum_10.jpg,south_china
Xiphocabrium_rigidum_12.jpg,south_china
Xiphocabrium_rigidum_2.jpg,south_china
Xiphocabrium_rigidum_13.jpg,south_china
Xiphocabrium_rigidum_9.jpg,south_china
Xiphocabrium_rigidum_7.jpg,south_china
Xiphocabrium_rigidum_6.jpg,south_china
Xiphocabrium_rigidum_4.jpg,south_china
Xiphocabrium_rigidum_3.jpg,south_china
Xiphocabrium_rigidum_11.jpg,south_china
Xiphocabrium_rigidum_5.jpg,south_china
Xiphocabrium_rigidum_14.jpg,south_china
Xiphocabrium_rigidum_8.jpg,south_china
Xiphocabrium_rigidum.jpg,south_china
Xiphocabrium_rigidum_15.jpg,south_china
longtanella_zhengpanshanensis_9.jpg,south_china
longtanella_zhengpanshanensis_5.jpg,south_china
longtanella_zhengpanshanensis_3.jpg,south_china
longtanella_zhengpanshanensis_15.jpg,south_china
longtanella_zhengpanshanensis_10.jpg,south_china
longtanella_zhengpanshanensis_14.jpg,south_china
longtanella_zhengpanshanensis_12.jpg,south_china
longtanella_zhengpanshanensis_13.jpg,south_china
longtanella_zhengpanshanensis.jpg,south_china
longtanella_zhengpanshanensis_4.jpg,south_china
longtanella_zhengpanshanensis_7.jpg,south_china
longtanella_zhengpanshanensis_6.jpg,south_china
longtanella_zhengpanshanensis_2.jpg,south_china
longtanella_zhengpanshanensis_8.jpg,south_china
longtanella_zhengpanshanensis_11.jpg,south_china
albaillella_macrocephalata_2.jpg,south_china
albaillella_macrocephalata_8.jpg,south_china
albaillella_macrocephalata_6.jpg,south_china
albaillella_macrocephalata_11.jpg,south_china
albaillella_macrocephalata_13.jpg,south_china
albaillella_macrocephalata_3.jpg,south_china
albaillella_macrocephalata_12.jpg,south_china
albaillella_macrocephalata_7.jpg,south_china
albaillella_macrocephalata.jpg,south_china
albaillella_macrocephalata_9.jpg,south_china
albaillella_macrocephalata_4.jpg,south_china
albaillella_macrocephalata_5.jpg,south_china
albaillella_macrocephalata_14.jpg,south_china
albaillella_macrocephalata_10.jpg,south_china
albaillella_macrocephalata_15.jpg,south_china
Haplodiacanthus_circinatus_14.jpg,south_china
Haplodiacanthus_circinatus_2.jpg,south_china
Haplodiacanthus_circinatus_3.jpg,south_china
Haplodiacanthus_circinatus_5.jpg,south_china
Haplodiacanthus_circinatus_4.jpg,south_china
Haplodiacanthus_circinatus_11.jpg,south_china
Haplodiacanthus_circinatus_15.jpg,south_china
Haplodiacanthus_circinatus_9.jpg,south_china
Haplodiacanthus_circinatus_8.jpg,south_china
Haplodiacanthus_circinatus_10.jpg,south_china
Haplodiacanthus_circinatus_13.jpg,south_china
Haplodiacanthus_circinatus.jpg,south_china
Haplodiacanthus_circinatus_12.jpg,south_china
Haplodiacanthus_circinatus_7.jpg,south_china
Haplodiacanthus_circinatus_6.jpg,south_china
albaillella_minuta_7.jpg,south_china
albaillella_minuta_8.jpg,south_china
albaillella_minuta_2.jpg,south_china
albaillella_minuta.jpg,south_china
albaillella_minuta_13.jpg,south_china
albaillella_minuta_10.jpg,south_china
albaillella_minuta_3.jpg,south_china
albaillella_minuta_6.jpg,south_china
albaillella_minuta_4.jpg,south_china
albaillella_minuta_5.jpg,south_china
albaillella_minuta_11.jpg,south_china
albaillella_minuta_15.jpg,south_china
albaillella_minuta_14.jpg,south_china
albaillella_minuta_12.jpg,south_china
albaillella_minuta_9.jpg,south_china
pseudoalbaillella_rhombothoracata_13.jpg,south_china
pseudoalbaillella_rhombothoracata_8.jpg,south_china
pseudoalbaillella_rhombothoracata_7.jpg,south_china
pseudoalbaillella_rhombothoracata_2.jpg,south_china
pseudoalbaillella_rhombothoracata_10.jpg,south_china
pseudoalbaillella_rhombothoracata.jpg,south_china
pseudoalbaillella_rhombothoracata_6.jpg,south_china
pseudoalbaillella_rhombothoracata_11.jpg,south_china
pseudoalbaillella_rhombothoracata_14.jpg,south_china
pseudoalbaillella_rhombothoracata_3.jpg,south_china
pseudoalbaillella_rhombothoracata_4.jpg,south_china
pseudoalbaillella_rhombothoracata_5.jpg,south_china
pseudoalbaillella_rhombothoracata_15.jpg,south_china
pseudoalbaillella_rhombothoracata_12.jpg,south_china
pseudoalbaillella_rhombothoracata_9.jpg,south_china
Ceratoikiscum_patagiatum_11.jpg,south_china
Ceratoikiscum_patagiatum_8.jpg,south_china
Ceratoikiscum_patagiatum_7.jpg,south_china
Ceratoikiscum_patagiatum_10.jpg,south_china
Ceratoikiscum_patagiatum.jpg,south_china
Ceratoikiscum_patagiatum_15.jpg,south_china
Ceratoikiscum_patagiatum_13.jpg,south_china
Ceratoikiscum_patagiatum_6.jpg,south_china
Ceratoikiscum_patagiatum_12.jpg,south_china
Ceratoikiscum_patagiatum_4.jpg,south_china
Ceratoikiscum_patagiatum_14.jpg,south_china
Ceratoikiscum_patagiatum_9.jpg,south_china
Ceratoikiscum_patagiatum_5.jpg,south_china
Ceratoikiscum_patagiatum_2.jpg,south_china
Ceratoikiscum_patagiatum_3.jpg,south_china
albaillella_amygdalaspinosa_15.jpg,south_china
albaillella_amygdalaspinosa_12.jpg,south_china
albaillella_amygdalaspinosa_14.jpg,south_china
albaillella_amygdalaspinosa_13.jpg,south_china
albaillella_amygdalaspinosa_7.jpg,south_china
albaillella_amygdalaspinosa_9.jpg,south_china
albaillella_amygdalaspinosa_11.jpg,south_china
albaillella_amygdalaspinosa_8.jpg,south_china
albaillella_amygdalaspinosa_4.jpg,south_china
albaillella_amygdalaspinosa_6.jpg,south_china
albaillella_amygdalaspinosa_2.jpg,south_china
albaillella_amygdalaspinosa.jpg,south_china
albaillella_amygdalaspinosa_5.jpg,south_china
albaillella_amygdalaspinosa_10.jpg,south_china
albaillella_amygdalaspinosa_3.jpg,south_china
protoalbaillella_deflandrei_12.jpg,south_china
protoalbaillella_deflandrei_10.jpg,south_china
protoalbaillella_deflandrei_2.jpg,south_china
protoalbaillella_deflandrei_13.jpg,south_china
protoalbaillella_deflandrei_8.jpg,south_china
protoalbaillella_deflandrei_3.jpg,south_china
protoalbaillella_deflandrei_11.jpg,south_china
protoalbaillella_deflandrei_4.jpg,south_china
protoalbaillella_deflandrei_6.jpg,south_china
protoalbaillella_deflandrei_5.jpg,south_china
protoalbaillella_deflandrei_15.jpg,south_china
protoalbaillella_deflandrei_7.jpg,south_china
protoalbaillella_deflandrei_14.jpg,south_china
protoalbaillella_deflandrei_9.jpg,south_china
protoalbaillella_deflandrei.jpg,south_china
Albaillella_uncus_3.jpg,south_china
Albaillella_uncus_9.jpg,south_china
Albaillella_uncus_2.jpg,south_china
Albaillella_uncus_10.jpg,south_china
Albaillella_uncus_14.jpg,south_china
Albaillella_uncus_8.jpg,south_china
Albaillella_uncus_4.jpg,south_china
Albaillella_uncus.jpg,south_china
Albaillella_uncus_6.jpg,south_china
Albaillella_uncus_12.jpg,south_china
Albaillella_uncus_15.jpg,south_china
Albaillella_uncus_7.jpg,south_china
Albaillella_uncus_11.jpg,south_china
Albaillella_uncus_5.jpg,south_china
Albaillella_uncus_13.jpg,south_china
neoalbaillella_cribrosa_8.jpg,south_china
neoalbaillella_cribrosa.jpg,south_china
neoalbaillella_cribrosa_9.jpg,south_china
neoalbaillella_cribrosa_3.jpg,south_china
neoalbaillella_cribrosa_13.jpg,south_china
neoalbaillella_cribrosa_10.jpg,south_china
neoalbaillella_cribrosa_4.jpg,south_china
neoalbaillella_cribrosa_15.jpg,south_china
neoalbaillella_cribrosa_7.jpg,south_china
neoalbaillella_cribrosa_6.jpg,south_china
neoalbaillella_cribrosa_5.jpg,south_china
neoalbaillella_cribrosa_14.jpg,south_china
neoalbaillella_cribrosa_12.jpg,south_china
neoalbaillella_cribrosa_11.jpg,south_china
neoalbaillella_cribrosa_2.jpg,south_china
Haplodiacanthus_levitoflexus_fenistratus_10.jpg,south_china
Haplodiacanthus_levitoflexus_fenistratus_4.jpg,south_china
Haplodiacanthus_levitoflexus_fenistratus_15.jpg,south_china
Haplodiacanthus_levitoflexus_fenistratus_12.jpg,south_china
Haplodiacanthus_levitoflexus_fenistratus_2.jpg,south_china
Haplodiacanthus_levitoflexus_fenistratus_5.jpg,south_china
Haplodiacanthus_levitoflexus_fenistratus_13.jpg,south_china
Haplodiacanthus_levitoflexus_fenistratus_8.jpg,south_china
Haplodiacanthus_levitoflexus_fenistratus_6.jpg,south_china
Haplodiacanthus_levitoflexus_fenistratus.jpg,south_china
Haplodiacanthus_levitoflexus_fenistratus_14.jpg,south_china
Haplodiacanthus_levitoflexus_fenistratus_9.jpg,south_china
Haplodiacanthus_levitoflexus_fenistratus_7.jpg,south_china
Haplodiacanthus_levitoflexus_fenistratus_3.jpg,south_china
Haplodiacanthus_levitoflexus_fenistratus_11.jpg,south_china
albaillella_flexa_7.jpg,south_china
albaillella_flexa.jpg,south_china
albaillella_flexa_8.jpg,south_china
albaillella_flexa_5.jpg,south_china
albaillella_flexa_13.jpg,south_china
albaillella_flexa_4.jpg,south_china
albaillella_flexa_11.jpg,south_china
albaillella_flexa_2.jpg,south_china
albaillella_flexa_3.jpg,south_china
albaillella_flexa_12.jpg,south_china
albaillella_flexa_15.jpg,south_china
albaillella_flexa_9.jpg,south_china
albaillella_flexa_6.jpg,south_china
albaillella_flexa_10.jpg,south_china
albaillella_flexa_14.jpg,south_china
neoalbaillella_gracilis_11.jpg,south_china
neoalbaillella_gracilis_12.jpg,south_china
neoalbaillella_gracilis_8.jpg,south_china
neoalbaillella_gracilis_9.jpg,south_china
neoalbaillella_gracilis_10.jpg,south_china
neoalbaillella_gracilis_7.jpg,south_china
neoalbaillella_gracilis.jpg,south_china
neoalbaillella_gracilis_15.jpg,south_china
neoalbaillella_gracilis_5.jpg,south_china
neoalbaillella_gracilis_14.jpg,south_china
neoalbaillella_gracilis_6.jpg,south_china
neoalbaillella_gracilis_13.jpg,south_china
neoalbaillella_gracilis_2.jpg,south_china
neoalbaillella_gracilis_3.jpg,south_china
neoalbaillella_gracilis_4.jpg,south_china
Lapidopiscum_pivetevui_11.jpg,south_china
Lapidopiscum_pivetevui_10.jpg,south_china
Lapidopiscum_pivetevui_2.jpg,south_china
Lapidopiscum_pivetevui.jpg,south_china
Lapidopiscum_pivetevui_7.jpg,south_china
Lapidopiscum_pivetevui_6.jpg,south_china
Lapidopiscum_pivetevui_5.jpg,south_china
Lapidopiscum_pivetevui_9.jpg,south_china
Lapidopiscum_pivetevui_8.jpg,south_china
Lapidopiscum_pivetevui_14.jpg,south_china
Lapidopiscum_pivetevui_13.jpg,south_china
Lapidopiscum_pivetevui_15.jpg,south_china
Lapidopiscum_pivetevui_3.jpg,south_china
Lapidopiscum_pivetevui_4.jpg,south_china
Lapidopiscum_pivetevui_12.jpg,south_china
Albaillella_indensis_ambigua_3.jpg,south_china
Albaillella_indensis_ambigua_7.jpg,south_china
Albaillella_indensis_ambigua_4.jpg,south_china
Albaillella_indensis_ambigua_12.jpg,south_china
Albaillella_indensis_ambigua_11.jpg,south_china
Albaillella_indensis_ambigua_5.jpg,south_china
Albaillella_indensis_ambigua_10.jpg,south_china
Albaillella_indensis_ambigua.jpg,south_china
Albaillella_indensis_ambigua_9.jpg,south_china
Albaillella_indensis_ambigua_6.jpg,south_china
Albaillella_indensis_ambigua_13.jpg,south_china
Albaillella_indensis_ambigua_2.jpg,south_china
Albaillella_indensis_ambigua_8.jpg,south_china
Albaillella_indensis_ambigua_15.jpg,south_china
Albaillella_indensis_ambigua_14.jpg,south_china
albaillella_foremanae_15.jpg,south_china
albaillella_foremanae_4.jpg,south_china
albaillella_foremanae_13.jpg,south_china
albaillella_foremanae.jpg,south_china
albaillella_foremanae_2.jpg,south_china
albaillella_foremanae_14.jpg,south_china
albaillella_foremanae_9.jpg,south_china
albaillella_foremanae_12.jpg,south_china
albaillella_foremanae_3.jpg,south_china
albaillella_foremanae_5.jpg,south_china
albaillella_foremanae_10.jpg,south_china
albaillella_foremanae_6.jpg,south_china
albaillella_foremanae_7.jpg,south_china
albaillella_foremanae_8.jpg,south_china
albaillella_foremanae_11.jpg,south_china
Albaillella_kuwaharae_10.jpg,south_china
Albaillella_kuwaharae_4.jpg,south_china
Albaillella_kuwaharae_9.jpg,south_china
Albaillella_kuwaharae_13.jpg,south_china
Albaillella_kuwaharae_8.jpg,south_china
Albaillella_kuwaharae_3.jpg,south_china
Albaillella_kuwaharae_5.jpg,south_china
Albaillella_kuwaharae_6.jpg,south_china
Albaillella_kuwaharae_11.jpg,south_china
Albaillella_kuwaharae_7.jpg,south_china
Albaillella_kuwaharae_15.jpg,south_china
Albaillella_kuwaharae_14.jpg,south_china
Albaillella_kuwaharae_12.jpg,south_china
Albaillella_kuwaharae.jpg,south_china
Albaillella_kuwaharae_2.jpg,south_china
Ceratoikiscum_formosum_13.jpg,south_china
Ceratoikiscum_formosum.jpg,south_china
Ceratoikiscum_formosum_2.jpg,south_china
Ceratoikiscum_formosum_11.jpg,south_china
Ceratoikiscum_formosum_6.jpg,south_china
Ceratoikiscum_formosum_3.jpg,south_china
Ceratoikiscum_formosum_4.jpg,south_china
Ceratoikiscum_formosum_10.jpg,south_china
Ceratoikiscum_formosum_12.jpg,south_china
Ceratoikiscum_formosum_5.jpg,south_china
Ceratoikiscum_formosum_7.jpg,south_china
Ceratoikiscum_formosum_14.jpg,south_china
Ceratoikiscum_formosum_9.jpg,south_china
Ceratoikiscum_formosum_8.jpg,south_china
Ceratoikiscum_formosum_15.jpg,south_china
albaillella_gordoni_5.jpg,south_china
albaillella_gordoni_13.jpg,south_china
albaillella_gordoni_7.jpg,south_china
albaillella_gordoni_12.jpg,south_china
albaillella_gordoni_10.jpg,south_china
albaillella_gordoni_8.jpg,south_china
albaillella_gordoni.jpg,south_china
albaillella_gordoni_4.jpg,south_china
albaillella_gordoni_2.jpg,south_china
albaillella_gordoni_11.jpg,south_china
albaillella_gordoni_3.jpg,south_china
albaillella_gordoni_15.jpg,south_china
albaillella_gordoni_6.jpg,south_china
albaillella_gordoni_9.jpg,south_china
albaillella_gordoni_14.jpg,south_china
albaillella_elias_13.jpg,south_china
albaillella_elias_10.jpg,south_china
albaillella_elias_15.jpg,south_china
albaillella_elias_7.jpg,south_china
albaillella_elias_9.jpg,south_china
albaillella_elias_2.jpg,south_china
albaillella_elias_8.jpg,south_china
albaillella_elias_6.jpg,south_china
albaillella_elias.jpg,south_china
albaillella_elias_3.jpg,south_china
albaillella_elias_4.jpg,south_china
albaillella_elias_5.jpg,south_china
albaillella_elias_14.jpg,south_china
albaillella_elias_11.jpg,south_china
albaillella_elias_12.jpg,south_china
protoholoeciscus_hindea_2.jpg,south_china
protoholoeciscus_hindea_11.jpg,south_china
protoholoeciscus_hindea_12.jpg,south_china
protoholoeciscus_hindea_5.jpg,south_china
protoholoeciscus_hindea_4.jpg,south_china
protoholoeciscus_hindea_7.jpg,south_china
protoholoeciscus_hindea_9.jpg,south_china
protoholoeciscus_hindea.jpg,south_china
protoholoeciscus_hindea_13.jpg,south_china
protoholoeciscus_hindea_15.jpg,south_china
protoholoeciscus_hindea_8.jpg,south_china
protoholoeciscus_hindea_14.jpg,south_china
protoholoeciscus_hindea_3.jpg,south_china
protoholoeciscus_hindea_6.jpg,south_china
protoholoeciscus_hindea_10.jpg,south_china
albaillella_brauni_4.jpg,south_china
albaillella_brauni_8.jpg,south_china
albaillella_brauni_5.jpg,south_china
albaillella_brauni_13.jpg,south_china
albaillella_brauni_11.jpg,south_china
albaillella_brauni_15.jpg,south_china
albaillella_brauni_7.jpg,south_china
albaillella_brauni_12.jpg,south_china
albaillella_brauni.jpg,south_china
albaillella_brauni_9.jpg,south_china
albaillella_brauni_14.jpg,south_china
albaillella_brauni_2.jpg,south_china
albaillella_brauni_10.jpg,south_china
albaillella_brauni_3.jpg,south_china
albaillella_brauni_6.jpg,south_china
albaillella_spinosa_14.jpg,south_china
albaillella_spinosa_7.jpg,south_china
albaillella_spinosa_4.jpg,south_china
albaillella_spinosa_6.jpg,south_china
albaillella_spinosa_11.jpg,south_china
albaillella_spinosa_10.jpg,south_china
albaillella_spinosa_15.jpg,south_china
albaillella_spinosa.jpg,south_china
albaillella_spinosa_8.jpg,south_china
albaillella_spinosa_2.jpg,south_china
albaillella_spinosa_13.jpg,south_china
albaillella_spinosa_12.jpg,south_china
albaillella_spinosa_9.jpg,south_china
albaillella_spinosa_5.jpg,south_china
albaillella_spinosa_3.jpg,south_china
protoalbaillella_anaiwanensis_15.jpg,south_china
protoalbaillella_anaiwanensis_6.jpg,south_china
protoalbaillella_anaiwanensis_9.jpg,south_china
protoalbaillella_anaiwanensis_7.jpg,south_china
protoalbaillella_anaiwanensis_4.jpg,south_china
protoalbaillella_anaiwanensis_11.jpg,south_china
protoalbaillella_anaiwanensis_8.jpg,south_china
protoalbaillella_anaiwanensis_3.jpg,south_china
protoalbaillella_anaiwanensis.jpg,south_china
protoalbaillella_anaiwanensis_2.jpg,south_china
protoalbaillella_anaiwanensis_13.jpg,south_china
protoalbaillella_anaiwanensis_12.jpg,south_china
protoalbaillella_anaiwanensis_10.jpg,south_china
protoalbaillella_anaiwanensis_14.jpg,south_china
protoalbaillella_anaiwanensis_5.jpg,south_china
pseudoalbaillella_banchengensis_12.jpg,south_china
pseudoalbaillella_banchengensis_9.jpg,south_china
pseudoalbaillella_banchengensis_6.jpg,south_china
pseudoalbaillella_banchengensis_2.jpg,south_china
pseudoalbaillella_banchengensis_7.jpg,south_china
pseudoalbaillella_banchengensis.jpg,south_china
pseudoalbaillella_banchengensis_4.jpg,south_china
pseudoalbaillella_banchengensis_15.jpg,south_china
pseudoalbaillella_banchengensis_3.jpg,south_china
pseudoalbaillella_banchengensis_5.jpg,south_china
pseudoalbaillella_banchengensis_8.jpg,south_china
pseudoalbaillella_banchengensis_11.jpg,south_china
pseudoalbaillella_banchengensis_13.jpg,south_china
pseudoalbaillella_banchengensis_10.jpg,south_china
pseudoalbaillella_banchengensis_14.jpg,south_china
Huasha_quinquecostata_14.jpg,south_china
Huasha_quinquecostata_12.jpg,south_china
Huasha_quinquecostata_9.jpg,south_china
Huasha_quinquecostata_8.jpg,south_china
Huasha_quinquecostata_2.jpg,south_china
Huasha_quinquecostata_13.jpg,south_china
Huasha_quinquecostata_11.jpg,south_china
Huasha_quinquecostata_5.jpg,south_china
Huasha_quinquecostata_3.jpg,south_china
Huasha_quinquecostata.jpg,south_china
Huasha_quinquecostata_15.jpg,south_china
Huasha_quinquecostata_10.jpg,south_china
Huasha_quinquecostata_7.jpg,south_china
Huasha_quinquecostata_4.jpg,south_china
Huasha_quinquecostata_6.jpg,south_china
albaillella_crenulata_5.jpg,south_china
albaillella_crenulata_8.jpg,south_china
albaillella_crenulata_14.jpg,south_china
albaillella_crenulata_15.jpg,south_china
albaillella_crenulata_9.jpg,south_china
albaillella_crenulata_3.jpg,south_china
albaillella_crenulata_12.jpg,south_china
albaillella_crenulata_11.jpg,south_china
albaillella_crenulata_13.jpg,south_china
albaillella_crenulata_10.jpg,south_china
albaillella_crenulata_2.jpg,south_china
albaillella_crenulata_7.jpg,south_china
albaillella_crenulata_4.jpg,south_china
albaillella_crenulata.jpg,south_china
albaillella_crenulata_6.jpg,south_china
albaillella_angusta_11.jpg,south_china
albaillella_angusta_6.jpg,south_china
albaillella_angusta.jpg,south_china
albaillella_angusta_3.jpg,south_china
albaillella_angusta_8.jpg,south_china
albaillella_angusta_15.jpg,south_china
albaillella_angusta_9.jpg,south_china
albaillella_angusta_12.jpg,south_china
albaillella_angusta_2.jpg,south_china
albaillella_angusta_14.jpg,south_china
albaillella_angusta_10.jpg,south_china
albaillella_angusta_13.jpg,south_china
albaillella_angusta_4.jpg,south_china
albaillella_angusta_7.jpg,south_china
albaillella_angusta_5.jpg,south_china
follicucullus_guangxiensis_12.jpg,south_china
follicucullus_guangxiensis_10.jpg,south_china
follicucullus_guangxiensis_7.jpg,south_china
follicucullus_guangxiensis_11.jpg,south_china
follicucullus_guangxiensis_4.jpg,south_china
follicucullus_guangxiensis.jpg,south_china
follicucullus_guangxiensis_3.jpg,south_china
follicucullus_guangxiensis_9.jpg,south_china
follicucullus_guangxiensis_14.jpg,south_china
follicucullus_guangxiensis_6.jpg,south_china
follicucullus_guangxiensis_8.jpg,south_china
follicucullus_guangxiensis_5.jpg,south_china
follicucullus_guangxiensis_13.jpg,south_china
follicucullus_guangxiensis_15.jpg,south_china
follicucullus_guangxiensis_2.jpg,south_china
Ceratoikiscum_goodbodyi_12.jpg,south_china
Ceratoikiscum_goodbodyi_14.jpg,south_china
Ceratoikiscum_goodbodyi.jpg,south_china
Ceratoikiscum_goodbodyi_4.jpg,south_china
Ceratoikiscum_goodbodyi_2.jpg,south_china
Ceratoikiscum_goodbodyi_11.jpg,south_china
Ceratoikiscum_goodbodyi_13.jpg,south_china
Ceratoikiscum_goodbodyi_9.jpg,south_china
Ceratoikiscum_goodbodyi_6.jpg,south_china
Ceratoikiscum_goodbodyi_15.jpg,south_china
Ceratoikiscum_goodbodyi_8.jpg,south_china
Ceratoikiscum_goodbodyi_10.jpg,south_china
Ceratoikiscum_goodbodyi_7.jpg,south_china
Ceratoikiscum_goodbodyi_5.jpg,south_china
Ceratoikiscum_goodbodyi_3.jpg,south_china
Ceratoikiscum_perittacanthinum_15.jpg,south_china
Ceratoikiscum_perittacanthinum_5.jpg,south_china
Ceratoikiscum_perittacanthinum_4.jpg,south_china
Ceratoikiscum_perittacanthinum_14.jpg,south_china
Ceratoikiscum_perittacanthinum_2.jpg,south_china
Ceratoikiscum_perittacanthinum_3.jpg,south_china
Ceratoikiscum_perittacanthinum_13.jpg,south_china
Ceratoikiscum_perittacanthinum_9.jpg,south_china
Ceratoikiscum_perittacanthinum_8.jpg,south_china
Ceratoikiscum_perittacanthinum_10.jpg,south_china
Ceratoikiscum_perittacanthinum_12.jpg,south_china
Ceratoikiscum_perittacanthinum.jpg,south_china
Ceratoikiscum_perittacanthinum_6.jpg,south_china
Ceratoikiscum_perittacanthinum_11.jpg,south_china
Ceratoikiscum_perittacanthinum_7.jpg,south_china
neoalbaillella_camarata_7.jpg,south_china
neoalbaillella_camarata_12.jpg,south_china
neoalbaillella_camarata_5.jpg,south_china
neoalbaillella_camarata_13.jpg,south_china
neoalbaillella_camarata_14.jpg,south_china
neoalbaillella_camarata_6.jpg,south_china
neoalbaillella_camarata_4.jpg,south_china
neoalbaillella_camarata_9.jpg,south_china
neoalbaillella_camarata_11.jpg,south_china
neoalbaillella_camarata.jpg,south_china
neoalbaillella_camarata_15.jpg,south_china
neoalbaillella_camarata_10.jpg,south_china
neoalbaillella_camarata_8.jpg,south_china
neoalbaillella_camarata_2.jpg,south_china
neoalbaillella_camarata_3.jpg,south_china
albaillella_sinuosa_14.jpg,south_china
albaillella_sinuosa_6.jpg,south_china
albaillella_sinuosa_13.jpg,south_china
albaillella_sinuosa_11.jpg,south_china
albaillella_sinuosa_15.jpg,south_china
albaillella_sinuosa_4.jpg,south_china
albaillella_sinuosa_5.jpg,south_china
albaillella_sinuosa_2.jpg,south_china
albaillella_sinuosa_8.jpg,south_china
albaillella_sinuosa_3.jpg,south_china
albaillella_sinuosa_7.jpg,south_china
albaillella_sinuosa_12.jpg,south_china
albaillella_sinuosa_9.jpg,south_china
albaillella_sinuosa_10.jpg,south_china
albaillella_sinuosa.jpg,south_china
Longtanella_kushidango_11.jpg,south_china
Longtanella_kushidango_6.jpg,south_china
Longtanella_kushidango_10.jpg,south_china
Longtanella_kushidango_13.jpg,south_china
Longtanella_kushidango_3.jpg,south_china
Longtanella_kushidango_8.jpg,south_china
Longtanella_kushidango_15.jpg,south_china
Longtanella_kushidango_14.jpg,south_china
Longtanella_kushidango_9.jpg,south_china
Longtanella_kushidango_2.jpg,south_china
Longtanella_kushidango_12.jpg,south_china
Longtanella_kushidango_7.jpg,south_china
Longtanella_kushidango.jpg,south_china
Longtanella_kushidango_4.jpg,south_china
Longtanella_kushidango_5.jpg,south_china
albaillella_nazarovi_5.jpg,south_china
albaillella_nazarovi_8.jpg,south_china
albaillella_nazarovi_3.jpg,south_china
albaillella_nazarovi_6.jpg,south_china
albaillella_nazarovi_7.jpg,south_china
albaillella_nazarovi_10.jpg,south_china
albaillella_nazarovi_15.jpg,south_china
albaillella_nazarovi_11.jpg,south_china
albaillella_nazarovi_2.jpg,south_china
albaillella_nazarovi_4.jpg,south_china
albaillella_nazarovi_9.jpg,south_china
albaillella_nazarovi_13.jpg,south_china
albaillella_nazarovi_12.jpg,south_china
albaillella_nazarovi_14.jpg,south_china
albaillella_nazarovi.jpg,south_china
Ceratoikiscum_kurosegum_7.jpg,south_china
Ceratoikiscum_kurosegum_8.jpg,south_china
Ceratoikiscum_kurosegum_3.jpg,south_china
Ceratoikiscum_kurosegum_10.jpg,south_china
Ceratoikiscum_kurosegum_14.jpg,south_china
Ceratoikiscum_kurosegum_6.jpg,south_china
Ceratoikiscum_kurosegum_13.jpg,south_china
Ceratoikiscum_kurosegum_5.jpg,south_china
Ceratoikiscum_kurosegum_2.jpg,south_china
Ceratoikiscum_kurosegum_9.jpg,south_china
Ceratoikiscum_kurosegum.jpg,south_china
Ceratoikiscum_kurosegum_15.jpg,south_china
Ceratoikiscum_kurosegum_12.jpg,south_china
Ceratoikiscum_kurosegum_4.jpg,south_china
Ceratoikiscum_kurosegum_11.jpg,south_china
Longtanella_tokkuriformis_5.jpg,south_china
Longtanella_tokkuriformis.jpg,south_china
Longtanella_tokkuriformis_8.jpg,south_china
Longtanella_tokkuriformis_9.jpg,south_china
Longtanella_tokkuriformis_13.jpg,south_china
Longtanella_tokkuriformis_3.jpg,south_china
Longtanella_tokkuriformis_4.jpg,south_china
Longtanella_tokkuriformis_11.jpg,south_china
Longtanella_tokkuriformis_15.jpg,south_china
Longtanella_tokkuriformis_2.jpg,south_china
Longtanella_tokkuriformis_6.jpg,south_china
Longtanella_tokkuriformis_14.jpg,south_china
Longtanella_tokkuriformis_7.jpg,south_china
Longtanella_tokkuriformis_10.jpg,south_china
Longtanella_tokkuriformis_12.jpg,south_china
follicucullus_dactylinus_3.jpg,south_china
follicucullus_dactylinus_2.jpg,south_china
follicucullus_dactylinus_4.jpg,south_china
follicucullus_dactylinus_5.jpg,south_china
follicucullus_dactylinus_10.jpg,south_china
follicucullus_dactylinus_7.jpg,south_china
follicucullus_dactylinus_13.jpg,south_china
follicucullus_dactylinus_11.jpg,south_china
follicucullus_dactylinus_8.jpg,south_china
follicucullus_dactylinus.jpg,south_china
follicucullus_dactylinus_14.jpg,south_china
follicucullus_dactylinus_9.jpg,south_china
follicucullus_dactylinus_6.jpg,south_china
follicucullus_dactylinus_15.jpg,south_china
follicucullus_dactylinus_12.jpg,south_china
parafollicucullus_fusiformis_7.jpg,south_china
parafollicucullus_fusiformis_4.jpg,south_china
parafollicucullus_fusiformis_8.jpg,south_china
parafollicucullus_fusiformis_15.jpg,south_china
parafollicucullus_fusiformis_12.jpg,south_china
parafollicucullus_fusiformis_3.jpg,south_china
parafollicucullus_fusiformis_6.jpg,south_china
parafollicucullus_fusiformis_14.jpg,south_china
parafollicucullus_fusiformis_13.jpg,south_china
parafollicucullus_fusiformis.jpg,south_china
parafollicucullus_fusiformis_5.jpg,south_china
parafollicucullus_fusiformis_11.jpg,south_china
parafollicucullus_fusiformis_2.jpg,south_china
parafollicucullus_fusiformis_9.jpg,south_china
parafollicucullus_fusiformis_10.jpg,south_china
albaillella_tela_8.jpg,south_china
albaillella_tela_7.jpg,south_china
albaillella_tela_11.jpg,south_china
albaillella_tela_10.jpg,south_china
albaillella_tela_6.jpg,south_china
albaillella_tela_4.jpg,south_china
albaillella_tela.jpg,south_china
albaillella_tela_2.jpg,south_china
albaillella_tela_3.jpg,south_china
albaillella_tela_5.jpg,south_china
albaillella_tela_14.jpg,south_china
albaillella_tela_15.jpg,south_china
albaillella_tela_13.jpg,south_china
albaillella_tela_12.jpg,south_china
albaillella_tela_9.jpg,south_china
follicucullus_orthogonus_15.jpg,south_china
follicucullus_orthogonus_6.jpg,south_china
follicucullus_orthogonus_5.jpg,south_china
follicucullus_orthogonus.jpg,south_china
follicucullus_orthogonus_3.jpg,south_china
follicucullus_orthogonus_2.jpg,south_china
follicucullus_orthogonus_13.jpg,south_china
follicucullus_orthogonus_10.jpg,south_china
follicucullus_orthogonus_4.jpg,south_china
follicucullus_orthogonus_14.jpg,south_china
follicucullus_orthogonus_9.jpg,south_china
follicucullus_orthogonus_8.jpg,south_china
follicucullus_orthogonus_11.jpg,south_china
follicucullus_orthogonus_7.jpg,south_china
follicucullus_orthogonus_12.jpg,south_china
albaillella_levis_10.jpg,south_china
albaillella_levis.jpg,south_china
albaillella_levis_13.jpg,south_china
albaillella_levis_3.jpg,south_china
albaillella_levis_7.jpg,south_china
albaillella_levis_4.jpg,south_china
albaillella_levis_5.jpg,south_china
albaillella_levis_2.jpg,south_china
albaillella_levis_6.jpg,south_china
albaillella_levis_8.jpg,south_china
albaillella_levis_15.jpg,south_china
albaillella_levis_14.jpg,south_china
albaillella_levis_9.jpg,south_china
albaillella_levis_11.jpg,south_china
albaillella_levis_12.jpg,south_china
albaillella_cylindra_6.jpg,south_china
albaillella_cylindra_13.jpg,south_china
albaillella_cylindra_14.jpg,south_china
albaillella_cylindra_7.jpg,south_china
albaillella_cylindra_8.jpg,south_china
albaillella_cylindra_4.jpg,south_china
albaillella_cylindra_10.jpg,south_china
albaillella_cylindra_5.jpg,south_china
albaillella_cylindra_2.jpg,south_china
albaillella_cylindra.jpg,south_china
albaillella_cylindra_3.jpg,south_china
albaillella_cylindra_12.jpg,south_china
albaillella_cylindra_9.jpg,south_china
albaillella_cylindra_15.jpg,south_china
albaillella_cylindra_11.jpg,south_china
Ceratoikiscum_paragyium_4.jpg,south_china
Ceratoikiscum_paragyium_6.jpg,south_china
Ceratoikiscum_paragyium_10.jpg,south_china
Ceratoikiscum_paragyium.jpg,south_china
Ceratoikiscum_paragyium_13.jpg,south_china
Ceratoikiscum_paragyium_11.jpg,south_china
Ceratoikiscum_paragyium_5.jpg,south_china
Ceratoikiscum_paragyium_14.jpg,south_china
Ceratoikiscum_paragyium_2.jpg,south_china
Ceratoikiscum_paragyium_8.jpg,south_china
Ceratoikiscum_paragyium_9.jpg,south_china
Ceratoikiscum_paragyium_12.jpg,south_china
Ceratoikiscum_paragyium_3.jpg,south_china
Ceratoikiscum_paragyium_15.jpg,south_china
Ceratoikiscum_paragyium_7.jpg,south_china
Ceratoikiscum_izumiensis_5.jpg,south_china
Ceratoikiscum_izumiensis_7.jpg,south_china
Ceratoikiscum_izumiensis_3.jpg,south_china
Ceratoikiscum_izumiensis_11.jpg,south_china
Ceratoikiscum_izumiensis_13.jpg,south_china
Ceratoikiscum_izumiensis_2.jpg,south_china
Ceratoikiscum_izumiensis_8.jpg,south_china
Ceratoikiscum_izumiensis_6.jpg,south_china
Ceratoikiscum_izumiensis_14.jpg,south_china
Ceratoikiscum_izumiensis_10.jpg,south_china
Ceratoikiscum_izumiensis_12.jpg,south_china
Ceratoikiscum_izumiensis_4.jpg,south_china
Ceratoikiscum_izumiensis.jpg,south_china
Ceratoikiscum_izumiensis_15.jpg,south_china
Ceratoikiscum_izumiensis_9.jpg,south_china
albaillella_multisegmenta_12.jpg,south_china
albaillella_multisegmenta_10.jpg,south_china
albaillella_multisegmenta_11.jpg,south_china
albaillella_multisegmenta_6.jpg,south_china
albaillella_multisegmenta_3.jpg,south_china
albaillella_multisegmenta_4.jpg,south_china
albaillella_multisegmenta_14.jpg,south_china
albaillella_multisegmenta_5.jpg,south_china
albaillella_multisegmenta_9.jpg,south_china
albaillella_multisegmenta_2.jpg,south_china
albaillella_multisegmenta_15.jpg,south_china
albaillella_multisegmenta_7.jpg,south_china
albaillella_multisegmenta_8.jpg,south_china
albaillella_multisegmenta_13.jpg,south_china
albaillella_multisegmenta.jpg,south_china
follicucullus_scholasticus_15.jpg,south_china
follicucullus_scholasticus_2.jpg,south_china
follicucullus_scholasticus_7.jpg,south_china
follicucullus_scholasticus.jpg,south_china
follicucullus_scholasticus_3.jpg,south_china
follicucullus_scholasticus_10.jpg,south_china
follicucullus_scholasticus_8.jpg,south_china
follicucullus_scholasticus_14.jpg,south_china
follicucullus_scholasticus_13.jpg,south_china
follicucullus_scholasticus_4.jpg,south_china
follicucullus_scholasticus_5.jpg,south_china
follicucullus_scholasticus_12.jpg,south_china
follicucullus_scholasticus_11.jpg,south_china
follicucullus_scholasticus_6.jpg,south_china
follicucullus_scholasticus_9.jpg,south_china
follicucullus_lagenarius_9.jpg,south_china
follicucullus_lagenarius_11.jpg,south_china
follicucullus_lagenarius_2.jpg,south_china
follicucullus_lagenarius_5.jpg,south_china
follicucullus_lagenarius_7.jpg,south_china
follicucullus_lagenarius_12.jpg,south_china
follicucullus_lagenarius_4.jpg,south_china
follicucullus_lagenarius_8.jpg,south_china
follicucullus_lagenarius_10.jpg,south_china
follicucullus_lagenarius_6.jpg,south_china
follicucullus_lagenarius.jpg,south_china
follicucullus_lagenarius_13.jpg,south_china
follicucullus_lagenarius_15.jpg,south_china
follicucullus_lagenarius_3.jpg,south_china
follicucullus_lagenarius_14.jpg,south_china
albaillella_perforata_perforata_8.jpg,south_china
albaillella_perforata_perforata_10.jpg,south_china
albaillella_perforata_perforata_12.jpg,south_china
albaillella_perforata_perforata_2.jpg,south_china
albaillella_perforata_perforata_6.jpg,south_china
albaillella_perforata_perforata_7.jpg,south_china
albaillella_perforata_perforata_5.jpg,south_china
albaillella_perforata_perforata_13.jpg,south_china
albaillella_perforata_perforata_9.jpg,south_china
albaillella_perforata_perforata_4.jpg,south_china
albaillella_perforata_perforata_14.jpg,south_china
albaillella_perforata_perforata_11.jpg,south_china
albaillella_perforata_perforata.jpg,south_china
albaillella_perforata_perforata_15.jpg,south_china
albaillella_perforata_perforata_3.jpg,south_china
Ceratoikiscum_tricancellatum_3.jpg,japan
Ceratoikiscum_tricancellatum_2.jpg,japan
Ceratoikiscum_tricancellatum_8.jpg,japan
Ceratoikiscum_tricancellatum_11.jpg,japan
Ceratoikiscum_tricancellatum_15.jpg,japan
Ceratoikiscum_tricancellatum_5.jpg,japan
Ceratoikiscum_tricancellatum_9.jpg,japan
Ceratoikiscum_tricancellatum_13.jpg,japan
Ceratoikiscum_tricancellatum_10.jpg,japan
Ceratoikiscum_tricancellatum_14.jpg,japan
Ceratoikiscum_tricancellatum_12.jpg,japan
Ceratoikiscum_tricancellatum_4.jpg,japan
Ceratoikiscum_tricancellatum_6.jpg,japan
Ceratoikiscum_tricancellatum.jpg,japan
Ceratoikiscum_tricancellatum_7.jpg,japan
Nazarovites_mikhailovae_6.jpg,japan
Nazarovites_mikhailovae_10.jpg,japan
Nazarovites_mikhailovae_15.jpg,japan
Nazarovites_mikhailovae_5.jpg,japan
Nazarovites_mikhailovae_13.jpg,japan
Nazarovites_mikhailovae_3.jpg,japan
Nazarovites_mikhailovae_11.jpg,japan
Nazarovites_mikhailovae_2.jpg,japan
Nazarovites_mikhailovae_4.jpg,japan
Nazarovites_mikhailovae.jpg,japan
Nazarovites_mikhailovae_12.jpg,japan
Nazarovites_mikhailovae_14.jpg,japan
Nazarovites_mikhailovae_9.jpg,japan
Nazarovites_mikhailovae_7.jpg,japan
Nazarovites_mikhailovae_8.jpg,japan
Holoeciscus_elongatus_2.jpg,japan
Holoeciscus_elongatus_12.jpg,japan
Holoeciscus_elongatus_7.jpg,japan
Holoeciscus_elongatus_4.jpg,japan
Holoeciscus_elongatus_14.jpg,japan
Holoeciscus_elongatus.jpg,japan
Holoeciscus_elongatus_11.jpg,japan
Holoeciscus_elongatus_8.jpg,japan
Holoeciscus_elongatus_6.jpg,japan
Holoeciscus_elongatus_5.jpg,japan
Holoeciscus_elongatus_10.jpg,japan
Holoeciscus_elongatus_3.jpg,japan
Holoeciscus_elongatus_13.jpg,japan
Holoeciscus_elongatus_9.jpg,japan
Holoeciscus_elongatus_15.jpg,japan
pseudoalbaillella_triangularis_4.jpg,japan
pseudoalbaillella_triangularis_11.jpg,japan
pseudoalbaillella_triangularis_2.jpg,japan
pseudoalbaillella_triangularis_15.jpg,japan
pseudoalbaillella_triangularis_6.jpg,japan
pseudoalbaillella_triangularis_9.jpg,japan
pseudoalbaillella_triangularis_12.jpg,japan
pseudoalbaillella_triangularis_7.jpg,japan
pseudoalbaillella_triangularis_5.jpg,japan
pseudoalbaillella_triangularis_3.jpg,japan
pseudoalbaillella_triangularis_14.jpg,japan
pseudoalbaillella_triangularis_13.jpg,japan
pseudoalbaillella_triangularis_8.jpg,japan
pseudoalbaillella_triangularis_10.jpg,japan
pseudoalbaillella_triangularis.jpg,japan
Helenifore_pilosidiscus_7.jpg,japan
Helenifore_pilosidiscus_11.jpg,japan
Helenifore_pilosidiscus_2.jpg,japan
Helenifore_pilosidiscus.jpg,japan
Helenifore_pilosidiscus_4.jpg,japan
Helenifore_pilosidiscus_3.jpg,japan
Helenifore_pilosidiscus_14.jpg,japan
Helenifore_pilosidiscus_8.jpg,japan
Helenifore_pilosidiscus_12.jpg,japan
Helenifore_pilosidiscus_15.jpg,japan
Helenifore_pilosidiscus_10.jpg,japan
Helenifore_pilosidiscus_9.jpg,japan
Helenifore_pilosidiscus_13.jpg,japan
Helenifore_pilosidiscus_5.jpg,japan
Helenifore_pilosidiscus_6.jpg,japan
pseudoalbaillella_simplex_2.jpg,japan
pseudoalbaillella_simplex_7.jpg,japan
pseudoalbaillella_simplex_10.jpg,japan
pseudoalbaillella_simplex_9.jpg,japan
pseudoalbaillella_simplex.jpg,japan
pseudoalbaillella_simplex_8.jpg,japan
pseudoalbaillella_simplex_5.jpg,japan
pseudoalbaillella_simplex_14.jpg,japan
pseudoalbaillella_simplex_3.jpg,japan
pseudoalbaillella_simplex_6.jpg,japan
pseudoalbaillella_simplex_4.jpg,japan
pseudoalbaillella_simplex_15.jpg,japan
pseudoalbaillella_simplex_13.jpg,japan
pseudoalbaillella_simplex_12.jpg,japan
pseudoalbaillella_simplex_11.jpg,japan
Ceratoikiscum_umbraculum_10.jpg,japan
Ceratoikiscum_umbraculum_14.jpg,japan
Ceratoikiscum_umbraculum_8.jpg,japan
Ceratoikiscum_umbraculum_6.jpg,japan
Ceratoikiscum_umbraculum_15.jpg,japan
Ceratoikiscum_umbraculum_13.jpg,japan
Ceratoikiscum_umbraculum_9.jpg,japan
Ceratoikiscum_umbraculum_4.jpg,japan
Ceratoikiscum_umbraculum.jpg,japan
Ceratoikiscum_umbraculum_2.jpg,japan
Ceratoikiscum_umbraculum_3.jpg,japan
Ceratoikiscum_umbraculum_5.jpg,japan
Ceratoikiscum_umbraculum_11.jpg,japan
Ceratoikiscum_umbraculum_12.jpg,japan
Ceratoikiscum_umbraculum_7.jpg,japan
Ceratoikiscum_simplum_9.jpg,japan
Ceratoikiscum_simplum_2.jpg,japan
Ceratoikiscum_simplum_12.jpg,japan
Ceratoikiscum_simplum_15.jpg,japan
Ceratoikiscum_simplum_14.jpg,japan
Ceratoikiscum_simplum_8.jpg,japan
Ceratoikiscum_simplum_5.jpg,japan
Ceratoikiscum_simplum_13.jpg,japan
Ceratoikiscum_simplum_7.jpg,japan
Ceratoikiscum_simplum_11.jpg,japan
Ceratoikiscum_simplum_10.jpg,japan
Ceratoikiscum_simplum_3.jpg,japan
Ceratoikiscum_simplum_6.jpg,japan
Ceratoikiscum_simplum.jpg,japan
Ceratoikiscum_simplum_4.jpg,japan
Holoeciscus_auceps_4.jpg,japan
Holoeciscus_auceps_3.jpg,japan
Holoeciscus_auceps_5.jpg,japan
Holoeciscus_auceps_2.jpg,japan
Holoeciscus_auceps_9.jpg,japan
Holoeciscus_auceps_6.jpg,japan
Holoeciscus_auceps_13.jpg,japan
Holoeciscus_auceps_7.jpg,japan
Holoeciscus_auceps_15.jpg,japan
Holoeciscus_auceps_12.jpg,japan
Holoeciscus_auceps_14.jpg,japan
Holoeciscus_auceps_10.jpg,japan
Holoeciscus_auceps_11.jpg,japan
Holoeciscus_auceps_8.jpg,japan
Holoeciscus_auceps.jpg,japan
Glanta_yokokurayamaensis_3.jpg,japan
Glanta_yokokurayamaensis_13.jpg,japan
Glanta_yokokurayamaensis_11.jpg,japan
Glanta_yokokurayamaensis_8.jpg,japan
Glanta_yokokurayamaensis.jpg,japan
Glanta_yokokurayamaensis_10.jpg,japan
Glanta_yokokurayamaensis_7.jpg,japan
Glanta_yokokurayamaensis_12.jpg,japan
Glanta_yokokurayamaensis_14.jpg,japan
Glanta_yokokurayamaensis_15.jpg,japan
Glanta_yokokurayamaensis_9.jpg,japan
Glanta_yokokurayamaensis_2.jpg,japan
Glanta_yokokurayamaensis_5.jpg,japan
Glanta_yokokurayamaensis_6.jpg,japan
Glanta_yokokurayamaensis_4.jpg,japan
Protoceratoikiscum_chinocrystallum_12.jpg,japan
Protoceratoikiscum_chinocrystallum_4.jpg,japan
Protoceratoikiscum_chinocrystallum_9.jpg,japan
Protoceratoikiscum_chinocrystallum_3.jpg,japan
Protoceratoikiscum_chinocrystallum_13.jpg,japan
Protoceratoikiscum_chinocrystallum_7.jpg,japan
Protoceratoikiscum_chinocrystallum_5.jpg,japan
Protoceratoikiscum_chinocrystallum.jpg,japan
Protoceratoikiscum_chinocrystallum_8.jpg,japan
Protoceratoikiscum_chinocrystallum_15.jpg,japan
Protoceratoikiscum_chinocrystallum_6.jpg,japan
Protoceratoikiscum_chinocrystallum_10.jpg,japan
Protoceratoikiscum_chinocrystallum_11.jpg,japan
Protoceratoikiscum_chinocrystallum_2.jpg,japan
Protoceratoikiscum_chinocrystallum_14.jpg,japan
spinodeflandrella_siciliensis.jpg,japan
spinodeflandrella_siciliensis_5.jpg,japan
spinodeflandrella_siciliensis_8.jpg,japan
spinodeflandrella_siciliensis_3.jpg,japan
spinodeflandrella_siciliensis_4.jpg,japan
spinodeflandrella_siciliensis_6.jpg,japan
spinodeflandrella_siciliensis_14.jpg,japan
spinodeflandrella_siciliensis_10.jpg,japan
spinodeflandrella_siciliensis_13.jpg,japan
spinodeflandrella_siciliensis_9.jpg,japan
spinodeflandrella_siciliensis_7.jpg,japan
spinodeflandrella_siciliensis_11.jpg,japan
spinodeflandrella_siciliensis_15.jpg,japan
spinodeflandrella_siciliensis_2.jpg,japan
spinodeflandrella_siciliensis_12.jpg,japan
Ceratoikiscum_spinosiarcuatum_3.jpg,japan
Ceratoikiscum_spinosiarcuatum_9.jpg,japan
Ceratoikiscum_spinosiarcuatum_12.jpg,japan
Ceratoikiscum_spinosiarcuatum_8.jpg,japan
Ceratoikiscum_spinosiarcuatum_7.jpg,japan
Ceratoikiscum_spinosiarcuatum_2.jpg,japan
Ceratoikiscum_spinosiarcuatum_15.jpg,japan
Ceratoikiscum_spinosiarcuatum_14.jpg,japan
Ceratoikiscum_spinosiarcuatum_11.jpg,japan
Ceratoikiscum_spinosiarcuatum_10.jpg,japan
Ceratoikiscum_spinosiarcuatum_5.jpg,japan
Ceratoikiscum_spinosiarcuatum_4.jpg,japan
Ceratoikiscum_spinosiarcuatum_13.jpg,japan
Ceratoikiscum_spinosiarcuatum.jpg,japan
Ceratoikiscum_spinosiarcuatum_6.jpg,japan
Circulaforma_robusta_13.jpg,japan
Circulaforma_robusta_12.jpg,japan
Circulaforma_robusta_7.jpg,japan
Circulaforma_robusta_14.jpg,japan
Circulaforma_robusta_3.jpg,japan
Circulaforma_robusta_2.jpg,japan
Circulaforma_robusta_5.jpg,japan
Circulaforma_robusta_9.jpg,japan
Circulaforma_robusta_8.jpg,japan
Circulaforma_robusta_6.jpg,japan
Circulaforma_robusta.jpg,japan
Circulaforma_robusta_4.jpg,japan
Circulaforma_robusta_15.jpg,japan
Circulaforma_robusta_10.jpg,japan
Circulaforma_robusta_11.jpg,japan
Helenifore_laticlavium_9.jpg,japan
Helenifore_laticlavium_7.jpg,japan
Helenifore_laticlavium_11.jpg,japan
Helenifore_laticlavium_8.jpg,japan
Helenifore_laticlavium_10.jpg,japan
Helenifore_laticlavium_14.jpg,japan
Helenifore_laticlavium_4.jpg,japan
Helenifore_laticlavium_15.jpg,japan
Helenifore_laticlavium_3.jpg,japan
Helenifore_laticlavium_2.jpg,japan
Helenifore_laticlavium_6.jpg,japan
Helenifore_laticlavium_13.jpg,japan
Helenifore_laticlavium.jpg,japan
Helenifore_laticlavium_5.jpg,japan
Helenifore_laticlavium_12.jpg,japan
Nazarovites_aprelevkensis_4.jpg,japan
Nazarovites_aprelevkensis_2.jpg,japan
Nazarovites_aprelevkensis_9.jpg,japan
Nazarovites_aprelevkensis_5.jpg,japan
Nazarovites_aprelevkensis_3.jpg,japan
Nazarovites_aprelevkensis_14.jpg,japan
Nazarovites_aprelevkensis_8.jpg,japan
Nazarovites_aprelevkensis_11.jpg,japan
Nazarovites_aprelevkensis_13.jpg,japan
Nazarovites_aprelevkensis_7.jpg,japan
Nazarovites_aprelevkensis_6.jpg,japan
Nazarovites_aprelevkensis_10.jpg,japan
Nazarovites_aprelevkensis_15.jpg,japan
Nazarovites_aprelevkensis.jpg,japan
Nazarovites_aprelevkensis_12.jpg,japan
Raphidociclicus_gemellus_8.jpg,japan
Raphidociclicus_gemellus_9.jpg,japan
Raphidociclicus_gemellus_2.jpg,japan
Raphidociclicus_gemellus_4.jpg,japan
Raphidociclicus_gemellus_15.jpg,japan
Raphidociclicus_gemellus_12.jpg,japan
Raphidociclicus_gemellus_5.jpg,japan
Raphidociclicus_gemellus_3.jpg,japan
Raphidociclicus_gemellus.jpg,japan
Raphidociclicus_gemellus_13.jpg,japan
Raphidociclicus_gemellus_7.jpg,japan
Raphidociclicus_gemellus_14.jpg,japan
Raphidociclicus_gemellus_6.jpg,japan
Raphidociclicus_gemellus_10.jpg,japan
Raphidociclicus_gemellus_11.jpg,japan
Nazaromistonella_speciosus_15.jpg,japan
Nazaromistonella_speciosus_3.jpg,japan
Nazaromistonella_speciosus_14.jpg,japan
Nazaromistonella_speciosus_5.jpg,japan
Nazaromistonella_speciosus_13.jpg,japan
Nazaromistonella_speciosus_8.jpg,japan
Nazaromistonella_speciosus_11.jpg,japan
Nazaromistonella_speciosus_9.jpg,japan
Nazaromistonella_speciosus_6.jpg,japan
Nazaromistonella_speciosus_2.jpg,japan
Nazaromistonella_speciosus_10.jpg,japan
Nazaromistonella_speciosus_4.jpg,japan
Nazaromistonella_speciosus.jpg,japan
Nazaromistonella_speciosus_12.jpg,japan
Nazaromistonella_speciosus_7.jpg,japan
Gansuceratoikiscum_guanzhuangensis_2.jpg,japan
Gansuceratoikiscum_guanzhuangensis_8.jpg,japan
Gansuceratoikiscum_guanzhuangensis_13.jpg,japan
Gansuceratoikiscum_guanzhuangensis_14.jpg,japan
Gansuceratoikiscum_guanzhuangensis_5.jpg,japan
Gansuceratoikiscum_guanzhuangensis_9.jpg,japan
Gansuceratoikiscum_guanzhuangensis_4.jpg,japan
Gansuceratoikiscum_guanzhuangensis.jpg,japan
Gansuceratoikiscum_guanzhuangensis_6.jpg,japan
Gansuceratoikiscum_guanzhuangensis_3.jpg,japan
Gansuceratoikiscum_guanzhuangensis_15.jpg,japan
Gansuceratoikiscum_guanzhuangensis_10.jpg,japan
Gansuceratoikiscum_guanzhuangensis_12.jpg,japan
Gansuceratoikiscum_guanzhuangensis_7.jpg,japan
Gansuceratoikiscum_guanzhuangensis_11.jpg,japan
Raphidociclicus_hiulcus_12.jpg,japan
Raphidociclicus_hiulcus_11.jpg,japan
Raphidociclicus_hiulcus_13.jpg,japan
Raphidociclicus_hiulcus_15.jpg,japan
Raphidociclicus_hiulcus_3.jpg,japan
Raphidociclicus_hiulcus_9.jpg,japan
Raphidociclicus_hiulcus_8.jpg,japan
Raphidociclicus_hiulcus_6.jpg,japan
Raphidociclicus_hiulcus_7.jpg,japan
Raphidociclicus_hiulcus_5.jpg,japan
Raphidociclicus_hiulcus_4.jpg,japan
Raphidociclicus_hiulcus_14.jpg,japan
Raphidociclicus_hiulcus_2.jpg,japan
Raphidociclicus_hiulcus.jpg,japan
Raphidociclicus_hiulcus_10.jpg,japan
Glanta_fragilis_15.jpg,japan
Glanta_fragilis_4.jpg,japan
Glanta_fragilis.jpg,japan
Glanta_fragilis_11.jpg,japan
Glanta_fragilis_12.jpg,japan
Glanta_fragilis_6.jpg,japan
Glanta_fragilis_13.jpg,japan
Glanta_fragilis_5.jpg,japan
Glanta_fragilis_14.jpg,japan
Glanta_fragilis_9.jpg,japan
Glanta_fragilis_8.jpg,japan
Glanta_fragilis_7.jpg,japan
Glanta_fragilis_3.jpg,japan
Glanta_fragilis_10.jpg,japan
Glanta_fragilis_2.jpg,japan
Holoeciscus_brevis_3.jpg,japan
Holoeciscus_brevis_5.jpg,japan
Holoeciscus_brevis_2.jpg,japan
Holoeciscus_brevis_10.jpg,japan
Holoeciscus_brevis_14.jpg,japan
Holoeciscus_brevis_13.jpg,japan
Holoeciscus_brevis_15.jpg,japan
Holoeciscus_brevis_7.jpg,japan
Holoeciscus_brevis_8.jpg,japan
Holoeciscus_brevis.jpg,japan
Holoeciscus_brevis_4.jpg,japan
Holoeciscus_brevis_6.jpg,japan
Holoeciscus_brevis_11.jpg,japan
Holoeciscus_brevis_12.jpg,japan
Holoeciscus_brevis_9.jpg,japan
Nazarovites_bioculus_9.jpg,japan
Nazarovites_bioculus_7.jpg,japan
Nazarovites_bioculus_12.jpg,japan
Nazarovites_bioculus_3.jpg,japan
Nazarovites_bioculus_6.jpg,japan
Nazarovites_bioculus_13.jpg,japan
Nazarovites_bioculus_5.jpg,japan
Nazarovites_bioculus_8.jpg,japan
Nazarovites_bioculus_15.jpg,japan
Nazarovites_bioculus_14.jpg,japan
Nazarovites_bioculus_4.jpg,japan
Nazarovites_bioculus_10.jpg,japan
Nazarovites_bioculus_2.jpg,japan
Nazarovites_bioculus_11.jpg,japan
Nazarovites_bioculus.jpg,japan
Circulaforma_anula_14.jpg,japan
Circulaforma_anula_3.jpg,japan
Circulaforma_anula_13.jpg,japan
Circulaforma_anula_11.jpg,japan
Circulaforma_anula_7.jpg,japan
Circulaforma_anula_10.jpg,japan
Circulaforma_anula_4.jpg,japan
Circulaforma_anula_12.jpg,japan
Circulaforma_anula_15.jpg,japan
Circulaforma_anula_6.jpg,japan
Circulaforma_anula.jpg,japan
Circulaforma_anula_8.jpg,japan
Circulaforma_anula_9.jpg,japan
Circulaforma_anula_5.jpg,japan
Circulaforma_anula_2.jpg,japan
Ceratoikiscum_spinosum_9.jpg,japan
Ceratoikiscum_spinosum_5.jpg,japan
Ceratoikiscum_spinosum_14.jpg,japan
Ceratoikiscum_spinosum_11.jpg,japan
Ceratoikiscum_spinosum_2.jpg,japan
Ceratoikiscum_spinosum_7.jpg,japan
Ceratoikiscum_spinosum_10.jpg,japan
Ceratoikiscum_spinosum_8.jpg,japan
Ceratoikiscum_spinosum_12.jpg,japan
Ceratoikiscum_spinosum_6.jpg,japan
Ceratoikiscum_spinosum.jpg,japan
Ceratoikiscum_spinosum_4.jpg,japan
Ceratoikiscum_spinosum_3.jpg,japan
Ceratoikiscum_spinosum_13.jpg,japan
Ceratoikiscum_spinosum_15.jpg,japan
Raphidociclicus_gemellus_americanus_6.jpg,japan
Raphidociclicus_gemellus_americanus_9.jpg,japan
Raphidociclicus_gemellus_americanus_7.jpg,japan
Raphidociclicus_gemellus_americanus_3.jpg,japan
Raphidociclicus_gemellus_americanus_8.jpg,japan
Raphidociclicus_gemellus_americanus_14.jpg,japan
Raphidociclicus_gemellus_americanus_15.jpg,japan
Raphidociclicus_gemellus_americanus_4.jpg,japan
Raphidociclicus_gemellus_americanus_10.jpg,japan
Raphidociclicus_gemellus_americanus.jpg,japan
Raphidociclicus_gemellus_americanus_12.jpg,japan
Raphidociclicus_gemellus_americanus_13.jpg,japan
Raphidociclicus_gemellus_americanus_2.jpg,japan
Raphidociclicus_gemellus_americanus_5.jpg,japan
Raphidociclicus_gemellus_americanus_11.jpg,japan
Ceratoikiscum_ukhtensis_5.jpg,japan
Ceratoikiscum_ukhtensis_12.jpg,japan
Ceratoikiscum_ukhtensis.jpg,japan
Ceratoikiscum_ukhtensis_3.jpg,japan
Ceratoikiscum_ukhtensis_7.jpg,japan
Ceratoikiscum_ukhtensis_8.jpg,japan
Ceratoikiscum_ukhtensis_15.jpg,japan
Ceratoikiscum_ukhtensis_6.jpg,japan
Ceratoikiscum_ukhtensis_13.jpg,japan
Ceratoikiscum_ukhtensis_10.jpg,japan
Ceratoikiscum_ukhtensis_2.jpg,japan
Ceratoikiscum_ukhtensis_4.jpg,japan
Ceratoikiscum_ukhtensis_9.jpg,japan
Ceratoikiscum_ukhtensis_14.jpg,japan
Ceratoikiscum_ukhtensis_11.jpg,japan
Circulaforma_admissarius_10.jpg,japan
Circulaforma_admissarius_11.jpg,japan
Circulaforma_admissarius_5.jpg,japan
Circulaforma_admissarius_6.jpg,japan
Circulaforma_admissarius_9.jpg,japan
Circulaforma_admissarius_14.jpg,japan
Circulaforma_admissarius_13.jpg,japan
Circulaforma_admissarius_2.jpg,japan
Circulaforma_admissarius_3.jpg,japan
Circulaforma_admissarius_4.jpg,japan
Circulaforma_admissarius_8.jpg,japan
Circulaforma_admissarius.jpg,japan
Circulaforma_admissarius_15.jpg,japan
Circulaforma_admissarius_12.jpg,japan
Circulaforma_admissarius_7.jpg,japan
Durahelenifore_robustum_6.jpg,japan
Durahelenifore_robustum_4.jpg,japan
Durahelenifore_robustum_13.jpg,japan
Durahelenifore_robustum.jpg,japan
Durahelenifore_robustum_14.jpg,japan
Durahelenifore_robustum_11.jpg,japan
Durahelenifore_robustum_5.jpg,japan
Durahelenifore_robustum_9.jpg,japan
Durahelenifore_robustum_10.jpg,japan
Durahelenifore_robustum_12.jpg,japan
Durahelenifore_robustum_3.jpg,japan
Durahelenifore_robustum_2.jpg,japan
Durahelenifore_robustum_15.jpg,japan
Durahelenifore_robustum_8.jpg,japan
Durahelenifore_robustum_7.jpg,japan
Ceratoikiscum_stellatum_4.jpg,japan
Ceratoikiscum_stellatum_11.jpg,japan
Ceratoikiscum_stellatum.jpg,japan
Ceratoikiscum_stellatum_9.jpg,japan
Ceratoikiscum_stellatum_3.jpg,japan
Ceratoikiscum_stellatum_15.jpg,japan
Ceratoikiscum_stellatum_13.jpg,japan
Ceratoikiscum_stellatum_12.jpg,japan
Ceratoikiscum_stellatum_5.jpg,japan
Ceratoikiscum_stellatum_2.jpg,japan
Ceratoikiscum_stellatum_6.jpg,japan
Ceratoikiscum_stellatum_7.jpg,japan
Ceratoikiscum_stellatum_10.jpg,japan
Ceratoikiscum_stellatum_8.jpg,japan
Ceratoikiscum_stellatum_14.jpg,japan
Nazarovites_pinnula_11.jpg,japan
Nazarovites_pinnula_6.jpg,japan
Nazarovites_pinnula_8.jpg,japan
Nazarovites_pinnula_9.jpg,japan
Nazarovites_pinnula_15.jpg,japan
Nazarovites_pinnula.jpg,japan
Nazarovites_pinnula_10.jpg,japan
Nazarovites_pinnula_14.jpg,japan
Nazarovites_pinnula_2.jpg,japan
Nazarovites_pinnula_7.jpg,japan
Nazarovites_pinnula_3.jpg,japan
Nazarovites_pinnula_13.jpg,japan
Nazarovites_pinnula_5.jpg,japan
Nazarovites_pinnula_4.jpg,japan
Nazarovites_pinnula_12.jpg,japan
Glanta_triangularis_15.jpg,japan
Glanta_triangularis_9.jpg,japan
Glanta_triangularis_7.jpg,japan
Glanta_triangularis_6.jpg,japan
Glanta_triangularis_2.jpg,japan
Glanta_triangularis_3.jpg,japan
Glanta_triangularis.jpg,japan
Glanta_triangularis_4.jpg,japan
Glanta_triangularis_8.jpg,japan
Glanta_triangularis_10.jpg,japan
Glanta_triangularis_14.jpg,japan
Glanta_triangularis_12.jpg,japan
Glanta_triangularis_11.jpg,japan
Glanta_triangularis_5.jpg,japan
Glanta_triangularis_13.jpg,japan
Haplodiacanthus_anfractus_14.jpg,japan
Haplodiacanthus_anfractus_11.jpg,japan
Haplodiacanthus_anfractus_15.jpg,japan
Haplodiacanthus_anfractus_6.jpg,japan
Haplodiacanthus_anfractus_9.jpg,japan
Haplodiacanthus_anfractus_13.jpg,japan
Haplodiacanthus_anfractus_7.jpg,japan
Haplodiacanthus_anfractus.jpg,japan
Haplodiacanthus_anfractus_5.jpg,japan
Haplodiacanthus_anfractus_12.jpg,japan
Haplodiacanthus_anfractus_8.jpg,japan
Haplodiacanthus_anfractus_3.jpg,japan
Haplodiacanthus_anfractus_2.jpg,japan
Haplodiacanthus_anfractus_4.jpg,japan
Haplodiacanthus_anfractus_10.jpg,japan
Neoholoeciscus_cancermimus_13.jpg,japan
Neoholoeciscus_cancermimus_12.jpg,japan
Neoholoeciscus_cancermimus_3.jpg,japan
Neoholoeciscus_cancermimus_6.jpg,japan
Neoholoeciscus_cancermimus_7.jpg,japan
Neoholoeciscus_cancermimus_2.jpg,japan
Neoholoeciscus_cancermimus_10.jpg,japan
Neoholoeciscus_cancermimus_14.jpg,japan
Neoholoeciscus_cancermimus_8.jpg,japan
Neoholoeciscus_cancermimus.jpg,japan
Neoholoeciscus_cancermimus_4.jpg,japan
Neoholoeciscus_cancermimus_15.jpg,japan
Neoholoeciscus_cancermimus_5.jpg,japan
Neoholoeciscus_cancermimus_9.jpg,japan
Neoholoeciscus_cancermimus_11.jpg,japan
Ceratoikiscum_spiculatum_3.jpg,japan
Ceratoikiscum_spiculatum_14.jpg,japan
Ceratoikiscum_spiculatum_2.jpg,japan
Ceratoikiscum_spiculatum_12.jpg,japan
Ceratoikiscum_spiculatum_4.jpg,japan
Ceratoikiscum_spiculatum_11.jpg,japan
Ceratoikiscum_spiculatum_15.jpg,japan
Ceratoikiscum_spiculatum_8.jpg,japan
Ceratoikiscum_spiculatum_9.jpg,japan
Ceratoikiscum_spiculatum_6.jpg,japan
Ceratoikiscum_spiculatum_7.jpg,japan
Ceratoikiscum_spiculatum_5.jpg,japan
Ceratoikiscum_spiculatum.jpg,japan
Ceratoikiscum_spiculatum_10.jpg,japan
Ceratoikiscum_spiculatum_13.jpg,japan
Ceratoikiscum_surculum_6.jpg,japan
Ceratoikiscum_surculum_5.jpg,japan
Ceratoikiscum_surculum_11.jpg,japan
Ceratoikiscum_surculum_10.jpg,japan
Ceratoikiscum_surculum_13.jpg,japan
Ceratoikiscum_surculum_2.jpg,japan
Ceratoikiscum_surculum_14.jpg,japan
Ceratoikiscum_surculum_15.jpg,japan
Ceratoikiscum_surculum_7.jpg,japan
Ceratoikiscum_surculum_12.jpg,japan
Ceratoikiscum_surculum.jpg,japan
Ceratoikiscum_surculum_9.jpg,japan
Ceratoikiscum_surculum_3.jpg,japan
Ceratoikiscum_surculum_4.jpg,japan
Ceratoikiscum_surculum_8.jpg,japan
Raphidociclicus_scutum_15.jpg,japan
Raphidociclicus_scutum_3.jpg,japan
Raphidociclicus_scutum_6.jpg,japan
Raphidociclicus_scutum_8.jpg,japan
Raphidociclicus_scutum_13.jpg,japan
Raphidociclicus_scutum_5.jpg,japan
Raphidociclicus_scutum_9.jpg,japan
Raphidociclicus_scutum_4.jpg,japan
Raphidociclicus_scutum_7.jpg,japan
Raphidociclicus_scutum.jpg,japan
Raphidociclicus_scutum_12.jpg,japan
Raphidociclicus_scutum_10.jpg,japan
Raphidociclicus_scutum_14.jpg,japan
Raphidociclicus_scutum_11.jpg,japan
Raphidociclicus_scutum_2.jpg,japan
Eoalbaillella_lilaensis.jpg,japan
Eoalbaillella_lilaensis_3.jpg,japan
Eoalbaillella_lilaensis_4.jpg,japan
Eoalbaillella_lilaensis_6.jpg,japan
Eoalbaillella_lilaensis_14.jpg,japan
Eoalbaillella_lilaensis_11.jpg,japan
Eoalbaillella_lilaensis_2.jpg,japan
Eoalbaillella_lilaensis_9.jpg,japan
Eoalbaillella_lilaensis_12.jpg,japan
Eoalbaillella_lilaensis_13.jpg,japan
Eoalbaillella_lilaensis_10.jpg,japan
Eoalbaillella_lilaensis_8.jpg,japan
Eoalbaillella_lilaensis_5.jpg,japan
Eoalbaillella_lilaensis_7.jpg,japan
Eoalbaillella_lilaensis_15.jpg,japan
Eoalbaillella_turkensis_3.jpg,japan
Eoalbaillella_turkensis_12.jpg,japan
Eoalbaillella_turkensis_2.jpg,japan
Eoalbaillella_turkensis_11.jpg,japan
Eoalbaillella_turkensis_7.jpg,japan
Eoalbaillella_turkensis_4.jpg,japan
Eoalbaillella_turkensis_15.jpg,japan
Eoalbaillella_turkensis_9.jpg,japan
Eoalbaillella_turkensis.jpg,japan
Eoalbaillella_turkensis_10.jpg,japan
Eoalbaillella_turkensis_8.jpg,japan
Eoalbaillella_turkensis_13.jpg,japan
Eoalbaillella_turkensis_14.jpg,japan
Eoalbaillella_turkensis_6.jpg,japan
Eoalbaillella_turkensis_5.jpg,japan
Holoeciscus_foremanae_12.jpg,japan
Holoeciscus_foremanae_7.jpg,japan
Holoeciscus_foremanae_15.jpg,japan
Holoeciscus_foremanae_8.jpg,japan
Holoeciscus_foremanae_3.jpg,japan
Holoeciscus_foremanae_9.jpg,japan
Holoeciscus_foremanae_14.jpg,japan
Holoeciscus_foremanae_6.jpg,japan
Holoeciscus_foremanae.jpg,japan
Holoeciscus_foremanae_13.jpg,japan
Holoeciscus_foremanae_4.jpg,japan
Holoeciscus_foremanae_10.jpg,japan
Holoeciscus_foremanae_11.jpg,japan
Holoeciscus_foremanae_5.jpg,japan
Holoeciscus_foremanae_2.jpg,japan
Holoeciscus_quasiauceps_3.jpg,japan
Holoeciscus_quasiauceps_7.jpg,japan
Holoeciscus_quasiauceps_2.jpg,japan
Holoeciscus_quasiauceps_5.jpg,japan
Holoeciscus_quasiauceps_8.jpg,japan
Holoeciscus_quasiauceps_9.jpg,japan
Holoeciscus_quasiauceps_11.jpg,japan
Holoeciscus_quasiauceps_4.jpg,japan
Holoeciscus_quasiauceps_10.jpg,japan
Holoeciscus_quasiauceps_12.jpg,japan
Holoeciscus_quasiauceps_13.jpg,japan
Holoeciscus_quasiauceps_14.jpg,japan
Holoeciscus_quasiauceps_6.jpg,japan
Holoeciscus_quasiauceps.jpg,japan
Holoeciscus_quasiauceps_15.jpg,japan
pseudoalbaillella_yanaharensis_14.jpg,japan
pseudoalbaillella_yanaharensis_11.jpg,japan
pseudoalbaillella_yanaharensis_3.jpg,japan
pseudoalbaillella_yanaharensis_10.jpg,japan
pseudoalbaillella_yanaharensis.jpg,japan
pseudoalbaillella_yanaharensis_4.jpg,japan
pseudoalbaillella_yanaharensis_6.jpg,japan
pseudoalbaillella_yanaharensis_7.jpg,japan
pseudoalbaillella_yanaharensis_8.jpg,japan
pseudoalbaillella_yanaharensis_15.jpg,japan
pseudoalbaillella_yanaharensis_9.jpg,japan
pseudoalbaillella_yanaharensis_5.jpg,japan
pseudoalbaillella_yanaharensis_13.jpg,japan
pseudoalbaillella_yanaharensis_12.jpg,japan
pseudoalbaillella_yanaharensis_2.jpg,japan
pseudoalbaillella_u-forma_reflexa_3.jpg,japan
pseudoalbaillella_u-forma_reflexa_6.jpg,japan
pseudoalbaillella_u-forma_reflexa_14.jpg,japan
pseudoalbaillella_u-forma_reflexa_15.jpg,japan
pseudoalbaillella_u-forma_reflexa_7.jpg,japan
pseudoalbaillella_u-forma_reflexa_12.jpg,japan
pseudoalbaillella_u-forma_reflexa_11.jpg,japan
pseudoalbaillella_u-forma_reflexa_9.jpg,japan
pseudoalbaillella_u-forma_reflexa_13.jpg,japan
pseudoalbaillella_u-forma_reflexa_2.jpg,japan
pseudoalbaillella_u-forma_reflexa_5.jpg,japan
pseudoalbaillella_u-forma_reflexa_4.jpg,japan
pseudoalbaillella_u-forma_reflexa.jpg,japan
pseudoalbaillella_u-forma_reflexa_8.jpg,japan
pseudoalbaillella_u-forma_reflexa_10.jpg,japan
Circulaforma_davidi_4.jpg,japan
Circulaforma_davidi_5.jpg,japan
Circulaforma_davidi_8.jpg,japan
Circulaforma_davidi_6.jpg,japan
Circulaforma_davidi_11.jpg,japan
Circulaforma_davidi.jpg,japan
Circulaforma_davidi_3.jpg,japan
Circulaforma_davidi_7.jpg,japan
Circulaforma_davidi_2.jpg,japan
Circulaforma_davidi_10.jpg,japan
Circulaforma_davidi_12.jpg,japan
Circulaforma_davidi_9.jpg,japan
Circulaforma_davidi_13.jpg,japan
Circulaforma_davidi_14.jpg,japan
Circulaforma_davidi_15.jpg,japan
Circulaforma_delicata_14.jpg,japan
Circulaforma_delicata_6.jpg,japan
Circulaforma_delicata_12.jpg,japan
Circulaforma_delicata_9.jpg,japan
Circulaforma_delicata_7.jpg,japan
Circulaforma_delicata_11.jpg,japan
Circulaforma_delicata_13.jpg,japan
Circulaforma_delicata_10.jpg,japan
Circulaforma_delicata_3.jpg,japan
Circulaforma_delicata_4.jpg,japan
Circulaforma_delicata.jpg,japan
Circulaforma_delicata_5.jpg,japan
Circulaforma_delicata_15.jpg,japan
Circulaforma_delicata_8.jpg,japan
Circulaforma_delicata_2.jpg,japan
Kappaforma_insecta_11.jpg,japan
Kappaforma_insecta_13.jpg,japan
Kappaforma_insecta_3.jpg,japan
Kappaforma_insecta.jpg,japan
Kappaforma_insecta_6.jpg,japan
Kappaforma_insecta_15.jpg,japan
Kappaforma_insecta_8.jpg,japan
Kappaforma_insecta_10.jpg,japan
Kappaforma_insecta_2.jpg,japan
Kappaforma_insecta_12.jpg,japan
Kappaforma_insecta_4.jpg,japan
Kappaforma_insecta_14.jpg,japan
Kappaforma_insecta_7.jpg,japan
Kappaforma_insecta_9.jpg,japan
Kappaforma_insecta_5.jpg,japan
Circulaforma_oilensis_15.jpg,japan
Circulaforma_oilensis_3.jpg,japan
Circulaforma_oilensis_7.jpg,japan
Circulaforma_oilensis_8.jpg,japan
Circulaforma_oilensis_12.jpg,japan
Circulaforma_oilensis_2.jpg,japan
Circulaforma_oilensis.jpg,japan
Circulaforma_oilensis_13.jpg,japan
Circulaforma_oilensis_11.jpg,japan
Circulaforma_oilensis_14.jpg,japan
Circulaforma_oilensis_9.jpg,japan
Circulaforma_oilensis_5.jpg,japan
Circulaforma_oilensis_4.jpg,japan
Circulaforma_oilensis_10.jpg,japan
Circulaforma_oilensis_6.jpg,japan
Glanta_crinerensis_5.jpg,japan
Glanta_crinerensis_15.jpg,japan
Glanta_crinerensis_9.jpg,japan
Glanta_crinerensis_10.jpg,japan
Glanta_crinerensis_4.jpg,japan
Glanta_crinerensis_6.jpg,japan
Glanta_crinerensis_13.jpg,japan
Glanta_crinerensis_7.jpg,japan
Glanta_crinerensis_8.jpg,japan
Glanta_crinerensis_12.jpg,japan
Glanta_crinerensis_3.jpg,japan
Glanta_crinerensis.jpg,japan
Glanta_crinerensis_2.jpg,japan
Glanta_crinerensis_11.jpg,japan
Glanta_crinerensis_14.jpg,japan
Ceratoikiscum_supratriangulum_9.jpg,japan
Ceratoikiscum_supratriangulum_6.jpg,japan
Ceratoikiscum_supratriangulum_7.jpg,japan
Ceratoikiscum_supratriangulum_5.jpg,japan
Ceratoikiscum_supratriangulum_11.jpg,japan
Ceratoikiscum_supratriangulum_12.jpg,japan
Ceratoikiscum_supratriangulum_4.jpg,japan
Ceratoikiscum_supratriangulum_10.jpg,japan
Ceratoikiscum_supratriangulum_8.jpg,japan
Ceratoikiscum_supratriangulum_3.jpg,japan
Ceratoikiscum_supratriangulum_2.jpg,japan
Ceratoikiscum_supratriangulum_13.jpg,japan
Ceratoikiscum_supratriangulum_14.jpg,japan
Ceratoikiscum_supratriangulum.jpg,japan
Ceratoikiscum_supratriangulum_15.jpg,japan
pseudoalbaillella_uforma_12.jpg,japan
pseudoalbaillella_uforma_8.jpg,japan
pseudoalbaillella_uforma_13.jpg,japan
pseudoalbaillella_uforma_7.jpg,japan
pseudoalbaillella_uforma_5.jpg,japan
pseudoalbaillella_uforma_9.jpg,japan
pseudoalbaillella_uforma_4.jpg,japan
pseudoalbaillella_uforma_6.jpg,japan
pseudoalbaillella_uforma_2.jpg,japan
pseudoalbaillella_uforma_3.jpg,japan
pseudoalbaillella_uforma.jpg,japan
pseudoalbaillella_uforma_14.jpg,japan
pseudoalbaillella_uforma_11.jpg,japan
pseudoalbaillella_uforma_10.jpg,japan
pseudoalbaillella_uforma_15.jpg,japan
Helenifore_quadrispina_7.jpg,japan
Helenifore_quadrispina_6.jpg,japan
Helenifore_quadrispina_12.jpg,japan
Helenifore_quadrispina_3.jpg,japan
Helenifore_quadrispina_11.jpg,japan
Helenifore_quadrispina_2.jpg,japan
Helenifore_quadrispina_8.jpg,japan
Helenifore_quadrispina_9.jpg,japan
Helenifore_quadrispina_5.jpg,japan
Helenifore_quadrispina_4.jpg,japan
Helenifore_quadrispina_15.jpg,japan
Helenifore_quadrispina_13.jpg,japan
Helenifore_quadrispina_10.jpg,japan
Helenifore_quadrispina.jpg,japan
Helenifore_quadrispina_14.jpg,japan
Ceratoikiscum_wonae_2.jpg,japan
Ceratoikiscum_wonae_4.jpg,japan
Ceratoikiscum_wonae_15.jpg,japan
Ceratoikiscum_wonae_14.jpg,japan
Ceratoikiscum_wonae.jpg,japan
Ceratoikiscum_wonae_12.jpg,japan
Ceratoikiscum_wonae_11.jpg,japan
Ceratoikiscum_wonae_8.jpg,japan
Ceratoikiscum_wonae_10.jpg,japan
Ceratoikiscum_wonae_7.jpg,japan
Ceratoikiscum_wonae_3.jpg,japan
Ceratoikiscum_wonae_13.jpg,japan
Ceratoikiscum_wonae_6.jpg,japan
Ceratoikiscum_wonae_9.jpg,japan
Ceratoikiscum_wonae_5.jpg,japan
Ceratoikiscum_vimenum_11.jpg,japan
Ceratoikiscum_vimenum_13.jpg,japan
Ceratoikiscum_vimenum_8.jpg,japan
Ceratoikiscum_vimenum_5.jpg,japan
Ceratoikiscum_vimenum_14.jpg,japan
Ceratoikiscum_vimenum_3.jpg,japan
Ceratoikiscum_vimenum.jpg,japan
Ceratoikiscum_vimenum_9.jpg,japan
Ceratoikiscum_vimenum_15.jpg,japan
Ceratoikiscum_vimenum_10.jpg,japan
Ceratoikiscum_vimenum_12.jpg,japan
Ceratoikiscum_vimenum_7.jpg,japan
Ceratoikiscum_vimenum_6.jpg,japan
Ceratoikiscum_vimenum_2.jpg,japan
Ceratoikiscum_vimenum_4.jpg,japan
albaillella_lanceolata_15.jpg,japan
albaillella_lanceolata_7.jpg,japan
albaillella_lanceolata_9.jpg,japan
albaillella_lanceolata_12.jpg,japan
albaillella_lanceolata_3.jpg,japan
albaillella_lanceolata_8.jpg,japan
albaillella_lanceolata_10.jpg,japan
albaillella_lanceolata_14.jpg,japan
albaillella_lanceolata_4.jpg,japan
albaillella_lanceolata_13.jpg,japan
albaillella_lanceolata.jpg,japan
albaillella_lanceolata_5.jpg,japan
albaillella_lanceolata_6.jpg,japan
albaillella_lanceolata_2.jpg,japan
albaillella_lanceolata_11.jpg,japan
follicucullus_whangaroaensis_12.jpg,japan
follicucullus_whangaroaensis_5.jpg,japan
follicucullus_whangaroaensis_7.jpg,japan
follicucullus_whangaroaensis_15.jpg,japan
follicucullus_whangaroaensis_8.jpg,japan
follicucullus_whangaroaensis.jpg,japan
follicucullus_whangaroaensis_2.jpg,japan
follicucullus_whangaroaensis_9.jpg,japan
follicucullus_whangaroaensis_4.jpg,japan
follicucullus_whangaroaensis_6.jpg,japan
follicucullus_whangaroaensis_11.jpg,japan
follicucullus_whangaroaensis_3.jpg,japan
follicucullus_whangaroaensis_13.jpg,japan
follicucullus_whangaroaensis_14.jpg,japan
follicucullus_whangaroaensis_10.jpg,japan
Ceratoikiscum_chengi_[homonym]_12.jpg,japan
Ceratoikiscum_chengi_[homonym]_6.jpg,japan
Ceratoikiscum_chengi_[homonym]_4.jpg,japan
Ceratoikiscum_chengi_[homonym]_2.jpg,japan
Ceratoikiscum_chengi_[homonym]_10.jpg,japan
Ceratoikiscum_chengi_[homonym]_15.jpg,japan
Ceratoikiscum_chengi_[homonym]_11.jpg,japan
Ceratoikiscum_chengi_[homonym]_5.jpg,japan
Ceratoikiscum_chengi_[homonym]_7.jpg,japan
Ceratoikiscum_chengi_[homonym]_3.jpg,japan
Ceratoikiscum_chengi_[homonym]_8.jpg,japan
Ceratoikiscum_chengi_[homonym]_9.jpg,japan
Ceratoikiscum_chengi_[homonym]_13.jpg,japan
Ceratoikiscum_chengi_[homonym]_14.jpg,japan
Ceratoikiscum_chengi_[homonym].jpg,japan
pseudoalbaillella_lanceolata_5.jpg,japan
pseudoalbaillella_lanceolata_6.jpg,japan
pseudoalbaillella_lanceolata_3.jpg,japan
pseudoalbaillella_lanceolata_14.jpg,japan
pseudoalbaillella_lanceolata_10.jpg,japan
pseudoalbaillella_lanceolata_15.jpg,japan
pseudoalbaillella_lanceolata_2.jpg,japan
pseudoalbaillella_lanceolata_7.jpg,japan
pseudoalbaillella_lanceolata_9.jpg,japan
pseudoalbaillella_lanceolata_12.jpg,japan
pseudoalbaillella_lanceolata_4.jpg,japan
pseudoalbaillella_lanceolata.jpg,japan
pseudoalbaillella_lanceolata_8.jpg,japan
pseudoalbaillella_lanceolata_13.jpg,japan
pseudoalbaillella_lanceolata_11.jpg,japan
Longtanella_jingyi_11.jpg,japan
Longtanella_jingyi_3.jpg,japan
Longtanella_jingyi_15.jpg,japan
Longtanella_jingyi_6.jpg,japan
Longtanella_jingyi_10.jpg,japan
Longtanella_jingyi_14.jpg,japan
Longtanella_jingyi_7.jpg,japan
Longtanella_jingyi_4.jpg,japan
Longtanella_jingyi.jpg,japan
Longtanella_jingyi_2.jpg,japan
Longtanella_jingyi_13.jpg,japan
Longtanella_jingyi_5.jpg,japan
Longtanella_jingyi_8.jpg,japan
Longtanella_jingyi_9.jpg,japan
Longtanella_jingyi_12.jpg,japan
albaillella_palmeri_7.jpg,japan
albaillella_palmeri.jpg,japan
albaillella_palmeri_13.jpg,japan
albaillella_palmeri_3.jpg,japan
albaillella_palmeri_8.jpg,japan
albaillella_palmeri_2.jpg,japan
albaillella_palmeri_14.jpg,japan
albaillella_palmeri_15.jpg,japan
albaillella_palmeri_12.jpg,japan
albaillella_palmeri_5.jpg,japan
albaillella_palmeri_11.jpg,japan
albaillella_palmeri_10.jpg,japan
albaillella_palmeri_4.jpg,japan
albaillella_palmeri_6.jpg,japan
albaillella_palmeri_9.jpg,japan
pseudoalbaillella_globosa_9.jpg,japan
pseudoalbaillella_globosa_14.jpg,japan
pseudoalbaillella_globosa_3.jpg,japan
pseudoalbaillella_globosa.jpg,japan
pseudoalbaillella_globosa_10.jpg,japan
pseudoalbaillella_globosa_11.jpg,japan
pseudoalbaillella_globosa_13.jpg,japan
pseudoalbaillella_globosa_5.jpg,japan
pseudoalbaillella_globosa_4.jpg,japan
pseudoalbaillella_globosa_7.jpg,japan
pseudoalbaillella_globosa_6.jpg,japan
pseudoalbaillella_globosa_8.jpg,japan
pseudoalbaillella_globosa_12.jpg,japan
pseudoalbaillella_globosa_2.jpg,japan
pseudoalbaillella_globosa_15.jpg,japan
pseudoalbaillella_internata_3.jpg,japan
pseudoalbaillella_internata.jpg,japan
pseudoalbaillella_internata_11.jpg,japan
pseudoalbaillella_internata_9.jpg,japan
pseudoalbaillella_internata_7.jpg,japan
pseudoalbaillella_internata_4.jpg,japan
pseudoalbaillella_internata_13.jpg,japan
pseudoalbaillella_internata_6.jpg,japan
pseudoalbaillella_internata_8.jpg,japan
pseudoalbaillella_internata_12.jpg,japan
pseudoalbaillella_internata_15.jpg,japan
pseudoalbaillella_internata_2.jpg,japan
pseudoalbaillella_internata_14.jpg,japan
pseudoalbaillella_internata_5.jpg,japan
pseudoalbaillella_internata_10.jpg,japan
cariver_dorsoconvexu_2.jpg,japan
cariver_dorsoconvexu.jpg,japan
cariver_dorsoconvexu_8.jpg,japan
cariver_dorsoconvexu_3.jpg,japan
cariver_dorsoconvexu_15.jpg,japan
cariver_dorsoconvexu_6.jpg,japan
cariver_dorsoconvexu_9.jpg,japan
cariver_dorsoconvexu_14.jpg,japan
cariver_dorsoconvexu_5.jpg,japan
cariver_dorsoconvexu_11.jpg,japan
cariver_dorsoconvexu_7.jpg,japan
cariver_dorsoconvexu_10.jpg,japan
cariver_dorsoconvexu_4.jpg,japan
cariver_dorsoconvexu_13.jpg,japan
cariver_dorsoconvexu_12.jpg,japan
Longtanella_turgida_14.jpg,japan
Longtanella_turgida_12.jpg,japan
Longtanella_turgida_2.jpg,japan
Longtanella_turgida_6.jpg,japan
Longtanella_turgida_3.jpg,japan
Longtanella_turgida_13.jpg,japan
Longtanella_turgida_10.jpg,japan
Longtanella_turgida_7.jpg,japan
Longtanella_turgida_5.jpg,japan
Longtanella_turgida_9.jpg,japan
Longtanella_turgida_15.jpg,japan
Longtanella_turgida_11.jpg,japan
Longtanella_turgida_4.jpg,japan
Longtanella_turgida.jpg,japan
Longtanella_turgida_8.jpg,japan
pseudoalbaillella_excella.jpg,japan
pseudoalbaillella_excella_9.jpg,japan
pseudoalbaillella_excella_15.jpg,japan
pseudoalbaillella_excella_12.jpg,japan
pseudoalbaillella_excella_10.jpg,japan
pseudoalbaillella_excella_14.jpg,japan
pseudoalbaillella_excella_4.jpg,japan
pseudoalbaillella_excella_7.jpg,japan
pseudoalbaillella_excella_13.jpg,japan
pseudoalbaillella_excella_2.jpg,japan
pseudoalbaillella_excella_5.jpg,japan
pseudoalbaillella_excella_11.jpg,japan
pseudoalbaillella_excella_6.jpg,japan
pseudoalbaillella_excella_8.jpg,japan
pseudoalbaillella_excella_3.jpg,japan
pseudoalbaillella_corniculata_5.jpg,japan
pseudoalbaillella_corniculata_6.jpg,japan
pseudoalbaillella_corniculata_8.jpg,japan
pseudoalbaillella_corniculata_10.jpg,japan
pseudoalbaillella_corniculata_11.jpg,japan
pseudoalbaillella_corniculata_2.jpg,japan
pseudoalbaillella_corniculata_15.jpg,japan
pseudoalbaillella_corniculata_4.jpg,japan
pseudoalbaillella_corniculata_13.jpg,japan
pseudoalbaillella_corniculata_7.jpg,japan
pseudoalbaillella_corniculata_14.jpg,japan
pseudoalbaillella_corniculata_12.jpg,japan
pseudoalbaillella_corniculata_3.jpg,japan
pseudoalbaillella_corniculata.jpg,japan
pseudoalbaillella_corniculata_9.jpg,japan
pseudoalbaillella_decurvata_6.jpg,japan
pseudoalbaillella_decurvata_13.jpg,japan
pseudoalbaillella_decurvata_9.jpg,japan
pseudoalbaillella_decurvata_5.jpg,japan
pseudoalbaillella_decurvata_3.jpg,japan
pseudoalbaillella_decurvata_4.jpg,japan
pseudoalbaillella_decurvata_10.jpg,japan
pseudoalbaillella_decurvata_15.jpg,japan
pseudoalbaillella_decurvata_11.jpg,japan
pseudoalbaillella_decurvata.jpg,japan
pseudoalbaillella_decurvata_8.jpg,japan
pseudoalbaillella_decurvata_14.jpg,japan
pseudoalbaillella_decurvata_12.jpg,japan
pseudoalbaillella_decurvata_7.jpg,japan
pseudoalbaillella_decurvata_2.jpg,japan
protoholoeciscus_ochiensis_6.jpg,japan
protoholoeciscus_ochiensis.jpg,japan
protoholoeciscus_ochiensis_5.jpg,japan
protoholoeciscus_ochiensis_7.jpg,japan
protoholoeciscus_ochiensis_2.jpg,japan
protoholoeciscus_ochiensis_10.jpg,japan
protoholoeciscus_ochiensis_12.jpg,japan
protoholoeciscus_ochiensis_13.jpg,japan
protoholoeciscus_ochiensis_14.jpg,japan
protoholoeciscus_ochiensis_8.jpg,japan
protoholoeciscus_ochiensis_3.jpg,japan
protoholoeciscus_ochiensis_4.jpg,japan
protoholoeciscus_ochiensis_9.jpg,japan
protoholoeciscus_ochiensis_15.jpg,japan
protoholoeciscus_ochiensis_11.jpg,japan
Ceratoikiscum_ardmorensis_5.jpg,japan
Ceratoikiscum_ardmorensis_10.jpg,japan
Ceratoikiscum_ardmorensis_8.jpg,japan
Ceratoikiscum_ardmorensis_2.jpg,japan
Ceratoikiscum_ardmorensis_3.jpg,japan
Ceratoikiscum_ardmorensis_4.jpg,japan
Ceratoikiscum_ardmorensis_14.jpg,japan
Ceratoikiscum_ardmorensis_15.jpg,japan
Ceratoikiscum_ardmorensis_9.jpg,japan
Ceratoikiscum_ardmorensis_6.jpg,japan
Ceratoikiscum_ardmorensis_7.jpg,japan
Ceratoikiscum_ardmorensis.jpg,japan
Ceratoikiscum_ardmorensis_12.jpg,japan
Ceratoikiscum_ardmorensis_11.jpg,japan
Ceratoikiscum_ardmorensis_13.jpg,japan
pseudoalbaillella_cona_12.jpg,japan
pseudoalbaillella_cona_2.jpg,japan
pseudoalbaillella_cona_4.jpg,japan
pseudoalbaillella_cona_11.jpg,japan
pseudoalbaillella_cona_15.jpg,japan
pseudoalbaillella_cona_7.jpg,japan
pseudoalbaillella_cona_13.jpg,japan
pseudoalbaillella_cona.jpg,japan
pseudoalbaillella_cona_14.jpg,japan
pseudoalbaillella_cona_10.jpg,japan
pseudoalbaillella_cona_8.jpg,japan
pseudoalbaillella_cona_5.jpg,japan
pseudoalbaillella_cona_6.jpg,japan
pseudoalbaillella_cona_9.jpg,japan
pseudoalbaillella_cona_3.jpg,japan
pseudoalbaillella_longtanensis_6.jpg,japan
pseudoalbaillella_longtanensis_15.jpg,japan
pseudoalbaillella_longtanensis_8.jpg,japan
pseudoalbaillella_longtanensis_2.jpg,japan
pseudoalbaillella_longtanensis_11.jpg,japan
pseudoalbaillella_longtanensis_12.jpg,japan
pseudoalbaillella_longtanensis_7.jpg,japan
pseudoalbaillella_longtanensis.jpg,japan
pseudoalbaillella_longtanensis_13.jpg,japan
pseudoalbaillella_longtanensis_5.jpg,japan
pseudoalbaillella_longtanensis_4.jpg,japan
pseudoalbaillella_longtanensis_10.jpg,japan
pseudoalbaillella_longtanensis_9.jpg,japan
pseudoalbaillella_longtanensis_14.jpg,japan
pseudoalbaillella_longtanensis_3.jpg,japan
albaillella_nigriniae_9.jpg,japan
albaillella_nigriniae_2.jpg,japan
albaillella_nigriniae_3.jpg,japan
albaillella_nigriniae.jpg,japan
albaillella_nigriniae_11.jpg,japan
albaillella_nigriniae_6.jpg,japan
albaillella_nigriniae_8.jpg,japan
albaillella_nigriniae_13.jpg,japan
albaillella_nigriniae_15.jpg,japan
albaillella_nigriniae_10.jpg,japan
albaillella_nigriniae_7.jpg,japan
albaillella_nigriniae_4.jpg,japan
albaillella_nigriniae_5.jpg,japan
albaillella_nigriniae_14.jpg,japan
albaillella_nigriniae_12.jpg,japan
pseudoalbaillella_elongata.jpg,japan
pseudoalbaillella_elongata_7.jpg,japan
pseudoalbaillella_elongata_2.jpg,japan
pseudoalbaillella_elongata_13.jpg,japan
pseudoalbaillella_elongata_11.jpg,japan
pseudoalbaillella_elongata_12.jpg,japan
pseudoalbaillella_elongata_3.jpg,japan
pseudoalbaillella_elongata_8.jpg,japan
pseudoalbaillella_elongata_15.jpg,japan
pseudoalbaillella_elongata_10.jpg,japan
pseudoalbaillella_elongata_5.jpg,japan
pseudoalbaillella_elongata_4.jpg,japan
pseudoalbaillella_elongata_9.jpg,japan
pseudoalbaillella_elongata_14.jpg,japan
pseudoalbaillella_elongata_6.jpg,japan
albaillella_saundersi_13.jpg,japan
albaillella_saundersi_3.jpg,japan
albaillella_saundersi_7.jpg,japan
albaillella_saundersi_4.jpg,japan
albaillella_saundersi.jpg,japan
albaillella_saundersi_10.jpg,japan
albaillella_saundersi_12.jpg,japan
albaillella_saundersi_11.jpg,japan
albaillella_saundersi_2.jpg,japan
albaillella_saundersi_15.jpg,japan
albaillella_saundersi_14.jpg,japan
albaillella_saundersi_9.jpg,japan
albaillella_saundersi_6.jpg,japan
albaillella_saundersi_8.jpg,japan
albaillella_saundersi_5.jpg,japan
pseudoalbaillella_nanjingensis.jpg,japan
pseudoalbaillella_nanjingensis_7.jpg,japan
pseudoalbaillella_nanjingensis_15.jpg,japan
pseudoalbaillella_nanjingensis_2.jpg,japan
pseudoalbaillella_nanjingensis_3.jpg,japan
pseudoalbaillella_nanjingensis_8.jpg,japan
pseudoalbaillella_nanjingensis_5.jpg,japan
pseudoalbaillella_nanjingensis_11.jpg,japan
pseudoalbaillella_nanjingensis_9.jpg,japan
pseudoalbaillella_nanjingensis_12.jpg,japan
pseudoalbaillella_nanjingensis_10.jpg,japan
pseudoalbaillella_nanjingensis_14.jpg,japan
pseudoalbaillella_nanjingensis_4.jpg,japan
pseudoalbaillella_nanjingensis_13.jpg,japan
pseudoalbaillella_nanjingensis_6.jpg,japan
albaillella_flexiloqua_11.jpg,japan
albaillella_flexiloqua.jpg,japan
albaillella_flexiloqua_15.jpg,japan
albaillella_flexiloqua_14.jpg,japan
albaillella_flexiloqua_6.jpg,japan
albaillella_flexiloqua_10.jpg,japan
albaillella_flexiloqua_9.jpg,japan
albaillella_flexiloqua_7.jpg,japan
albaillella_flexiloqua_2.jpg,japan
albaillella_flexiloqua_4.jpg,japan
albaillella_flexiloqua_12.jpg,japan
albaillella_flexiloqua_8.jpg,japan
albaillella_flexiloqua_3.jpg,japan
albaillella_flexiloqua_13.jpg,japan
albaillella_flexiloqua_5.jpg,japan
albaillella_kayai_3.jpg,japan
albaillella_kayai_10.jpg,japan
albaillella_kayai_6.jpg,japan
albaillella_kayai_8.jpg,japan
albaillella_kayai_15.jpg,japan
albaillella_kayai.jpg,japan
albaillella_kayai_2.jpg,japan
albaillella_kayai_9.jpg,japan
albaillella_kayai_12.jpg,japan
albaillella_kayai_5.jpg,japan
albaillella_kayai_14.jpg,japan
albaillella_kayai_4.jpg,japan
albaillella_kayai_7.jpg,japan
albaillella_kayai_13.jpg,japan
albaillella_kayai_11.jpg,japan
Ceratoikiscum_carinatum_11.jpg,japan
Ceratoikiscum_carinatum_3.jpg,japan
Ceratoikiscum_carinatum_9.jpg,japan
Ceratoikiscum_carinatum_7.jpg,japan
Ceratoikiscum_carinatum_8.jpg,japan
Ceratoikiscum_carinatum_14.jpg,japan
Ceratoikiscum_carinatum_12.jpg,japan
Ceratoikiscum_carinatum_15.jpg,japan
Ceratoikiscum_carinatum.jpg,japan
Ceratoikiscum_carinatum_2.jpg,japan
Ceratoikiscum_carinatum_4.jpg,japan
Ceratoikiscum_carinatum_5.jpg,japan
Ceratoikiscum_carinatum_10.jpg,japan
Ceratoikiscum_carinatum_13.jpg,japan
Ceratoikiscum_carinatum_6.jpg,japan
pseudoalbaillella_boonevillensis_4.jpg,japan
pseudoalbaillella_boonevillensis_13.jpg,japan
pseudoalbaillella_boonevillensis_3.jpg,japan
pseudoalbaillella_boonevillensis_6.jpg,japan
pseudoalbaillella_boonevillensis.jpg,japan
pseudoalbaillella_boonevillensis_5.jpg,japan
pseudoalbaillella_boonevillensis_15.jpg,japan
pseudoalbaillella_boonevillensis_2.jpg,japan
pseudoalbaillella_boonevillensis_8.jpg,japan
pseudoalbaillella_boonevillensis_9.jpg,japan
pseudoalbaillella_boonevillensis_7.jpg,japan
pseudoalbaillella_boonevillensis_14.jpg,japan
pseudoalbaillella_boonevillensis_10.jpg,japan
pseudoalbaillella_boonevillensis_12.jpg,japan
pseudoalbaillella_boonevillensis_11.jpg,japan
albaillella_sandbergi_3.jpg,japan
albaillella_sandbergi_4.jpg,japan
albaillella_sandbergi_9.jpg,japan
albaillella_sandbergi_14.jpg,japan
albaillella_sandbergi_11.jpg,japan
albaillella_sandbergi_12.jpg,japan
albaillella_sandbergi_10.jpg,japan
albaillella_sandbergi_8.jpg,japan
albaillella_sandbergi_5.jpg,japan
albaillella_sandbergi_6.jpg,japan
albaillella_sandbergi_7.jpg,japan
albaillella_sandbergi_15.jpg,japan
albaillella_sandbergi.jpg,japan
albaillella_sandbergi_2.jpg,japan
albaillella_sandbergi_13.jpg,japan
pseudoalbaillella_lomentaria_13.jpg,japan
pseudoalbaillella_lomentaria_3.jpg,japan
pseudoalbaillella_lomentaria_10.jpg,japan
pseudoalbaillella_lomentaria_8.jpg,japan
pseudoalbaillella_lomentaria_15.jpg,japan
pseudoalbaillella_lomentaria.jpg,japan
pseudoalbaillella_lomentaria_4.jpg,japan
pseudoalbaillella_lomentaria_5.jpg,japan
pseudoalbaillella_lomentaria_14.jpg,japan
pseudoalbaillella_lomentaria_2.jpg,japan
pseudoalbaillella_lomentaria_11.jpg,japan
pseudoalbaillella_lomentaria_7.jpg,japan
pseudoalbaillella_lomentaria_12.jpg,japan
pseudoalbaillella_lomentaria_6.jpg,japan
pseudoalbaillella_lomentaria_9.jpg,japan
albaillella_fida_8.jpg,japan
albaillella_fida_4.jpg,japan
albaillella_fida_15.jpg,japan
albaillella_fida_12.jpg,japan
albaillella_fida_13.jpg,japan
albaillella_fida_11.jpg,japan
albaillella_fida_5.jpg,japan
albaillella_fida_6.jpg,japan
albaillella_fida_9.jpg,japan
albaillella_fida_3.jpg,japan
albaillella_fida_2.jpg,japan
albaillella_fida_14.jpg,japan
albaillella_fida_7.jpg,japan
albaillella_fida.jpg,japan
albaillella_fida_10.jpg,japan
Ceratoikiscum_chengi_8.jpg,japan
Ceratoikiscum_chengi_15.jpg,japan
Ceratoikiscum_chengi_9.jpg,japan
Ceratoikiscum_chengi_14.jpg,japan
Ceratoikiscum_chengi_5.jpg,japan
Ceratoikiscum_chengi.jpg,japan
Ceratoikiscum_chengi_3.jpg,japan
Ceratoikiscum_chengi_4.jpg,japan
Ceratoikiscum_chengi_10.jpg,japan
Ceratoikiscum_chengi_13.jpg,japan
Ceratoikiscum_chengi_12.jpg,japan
Ceratoikiscum_chengi_2.jpg,japan
Ceratoikiscum_chengi_7.jpg,japan
Ceratoikiscum_chengi_11.jpg,japan
Ceratoikiscum_chengi_6.jpg,japan
Albaillella_ladarezensis_5.jpg,japan
Albaillella_ladarezensis_4.jpg,japan
Albaillella_ladarezensis_9.jpg,japan
Albaillella_ladarezensis_2.jpg,japan
Albaillella_ladarezensis.jpg,japan
Albaillella_ladarezensis_3.jpg,japan
Albaillella_ladarezensis_8.jpg,japan
Albaillella_ladarezensis_13.jpg,japan
Albaillella_ladarezensis_11.jpg,japan
Albaillella_ladarezensis_7.jpg,japan
Albaillella_ladarezensis_15.jpg,japan
Albaillella_ladarezensis_14.jpg,japan
Albaillella_ladarezensis_10.jpg,japan
Albaillella_ladarezensis_6.jpg,japan
Albaillella_ladarezensis_12.jpg,japan
pseudoalbaillella_nodosa_2.jpg,japan
pseudoalbaillella_nodosa_6.jpg,japan
pseudoalbaillella_nodosa_12.jpg,japan
pseudoalbaillella_nodosa_3.jpg,japan
pseudoalbaillella_nodosa_13.jpg,japan
pseudoalbaillella_nodosa_10.jpg,japan
pseudoalbaillella_nodosa_5.jpg,japan
pseudoalbaillella_nodosa_15.jpg,japan
pseudoalbaillella_nodosa_7.jpg,japan
pseudoalbaillella_nodosa_11.jpg,japan
pseudoalbaillella_nodosa_8.jpg,japan
pseudoalbaillella_nodosa_9.jpg,japan
pseudoalbaillella_nodosa.jpg,japan
pseudoalbaillella_nodosa_14.jpg,japan
pseudoalbaillella_nodosa_4.jpg,japan
protoalbaillella_talihinaensis_9.jpg,japan
protoalbaillella_talihinaensis_4.jpg,japan
protoalbaillella_talihinaensis_15.jpg,japan
protoalbaillella_talihinaensis_12.jpg,japan
protoalbaillella_talihinaensis_7.jpg,japan
protoalbaillella_talihinaensis_13.jpg,japan
protoalbaillella_talihinaensis_8.jpg,japan
protoalbaillella_talihinaensis_10.jpg,japan
protoalbaillella_talihinaensis_11.jpg,japan
protoalbaillella_talihinaensis_5.jpg,japan
protoalbaillella_talihinaensis.jpg,japan
protoalbaillella_talihinaensis_3.jpg,japan
protoalbaillella_talihinaensis_14.jpg,japan
protoalbaillella_talihinaensis_2.jpg,japan
protoalbaillella_talihinaensis_6.jpg,japan
albaillella_procera_10.jpg,japan
albaillella_procera_4.jpg,japan
albaillella_procera_2.jpg,japan
albaillella_procera_8.jpg,japan
albaillella_procera_11.jpg,japan
albaillella_procera.jpg,japan
albaillella_procera_15.jpg,japan
albaillella_procera_12.jpg,japan
albaillella_procera_6.jpg,japan
albaillella_procera_9.jpg,japan
albaillella_procera_3.jpg,japan
albaillella_procera_13.jpg,japan
albaillella_procera_14.jpg,japan
albaillella_procera_5.jpg,japan
albaillella_procera_7.jpg,japan
albaillella_tumida_2.jpg,japan
albaillella_tumida_4.jpg,japan
albaillella_tumida_12.jpg,japan
albaillella_tumida_10.jpg,japan
albaillella_tumida_11.jpg,japan
albaillella_tumida.jpg,japan
albaillella_tumida_13.jpg,japan
albaillella_tumida_9.jpg,japan
albaillella_tumida_3.jpg,japan
albaillella_tumida_7.jpg,japan
albaillella_tumida_5.jpg,japan
albaillella_tumida_6.jpg,japan
albaillella_tumida_14.jpg,japan
albaillella_tumida_8.jpg,japan
albaillella_tumida_15.jpg,japan
albaillella_robusta_2.jpg,japan
albaillella_robusta_4.jpg,japan
albaillella_robusta_11.jpg,japan
albaillella_robusta_7.jpg,japan
albaillella_robusta_8.jpg,japan
albaillella_robusta_5.jpg,japan
albaillella_robusta_13.jpg,japan
albaillella_robusta_9.jpg,japan
albaillella_robusta_14.jpg,japan
albaillella_robusta_6.jpg,japan
albaillella_robusta_3.jpg,japan
albaillella_robusta_10.jpg,japan
albaillella_robusta.jpg,japan
albaillella_robusta_15.jpg,japan
albaillella_robusta_12.jpg,japan
Ceratoikiscum_berggreni_14.jpg,japan
Ceratoikiscum_berggreni_2.jpg,japan
Ceratoikiscum_berggreni_11.jpg,japan
Ceratoikiscum_berggreni.jpg,japan
Ceratoikiscum_berggreni_7.jpg,japan
Ceratoikiscum_berggreni_4.jpg,japan
Ceratoikiscum_berggreni_8.jpg,japan
Ceratoikiscum_berggreni_10.jpg,japan
Ceratoikiscum_berggreni_6.jpg,japan
Ceratoikiscum_berggreni_5.jpg,japan
Ceratoikiscum_berggreni_12.jpg,japan
Ceratoikiscum_berggreni_15.jpg,japan
Ceratoikiscum_berggreni_3.jpg,japan
Ceratoikiscum_berggreni_9.jpg,japan
Ceratoikiscum_berggreni_13.jpg,japan
Ceratoikiscum_bicancellatum_7.jpg,japan
Ceratoikiscum_bicancellatum_6.jpg,japan
Ceratoikiscum_bicancellatum_2.jpg,japan
Ceratoikiscum_bicancellatum_10.jpg,japan
Ceratoikiscum_bicancellatum_11.jpg,japan
Ceratoikiscum_bicancellatum_8.jpg,japan
Ceratoikiscum_bicancellatum_3.jpg,japan
Ceratoikiscum_bicancellatum_5.jpg,japan
Ceratoikiscum_bicancellatum_14.jpg,japan
Ceratoikiscum_bicancellatum.jpg,japan
Ceratoikiscum_bicancellatum_13.jpg,japan
Ceratoikiscum_bicancellatum_9.jpg,japan
Ceratoikiscum_bicancellatum_15.jpg,japan
Ceratoikiscum_bicancellatum_12.jpg,japan
Ceratoikiscum_bicancellatum_4.jpg,japan
pseudoalbaillella_ornata_15.jpg,japan
pseudoalbaillella_ornata_4.jpg,japan
pseudoalbaillella_ornata_6.jpg,japan
pseudoalbaillella_ornata_5.jpg,japan
pseudoalbaillella_ornata_12.jpg,japan
pseudoalbaillella_ornata_10.jpg,japan
pseudoalbaillella_ornata_2.jpg,japan
pseudoalbaillella_ornata_7.jpg,japan
pseudoalbaillella_ornata_3.jpg,japan
pseudoalbaillella_ornata.jpg,japan
pseudoalbaillella_ornata_11.jpg,japan
pseudoalbaillella_ornata_14.jpg,japan
pseudoalbaillella_ornata_9.jpg,japan
pseudoalbaillella_ornata_8.jpg,japan
pseudoalbaillella_ornata_13.jpg,japan
albaillella_groessensi_11.jpg,japan
albaillella_groessensi_9.jpg,japan
albaillella_groessensi_7.jpg,japan
albaillella_groessensi_14.jpg,japan
albaillella_groessensi_10.jpg,japan
albaillella_groessensi.jpg,japan
albaillella_groessensi_8.jpg,japan
albaillella_groessensi_4.jpg,japan
albaillella_groessensi_12.jpg,japan
albaillella_groessensi_5.jpg,japan
albaillella_groessensi_2.jpg,japan
albaillella_groessensi_13.jpg,japan
albaillella_groessensi_6.jpg,japan
albaillella_groessensi_15.jpg,japan
albaillella_groessensi_3.jpg,japan
pseudoalbaillella_delawarensis_14.jpg,japan
pseudoalbaillella_delawarensis_11.jpg,japan
pseudoalbaillella_delawarensis_2.jpg,japan
pseudoalbaillella_delawarensis_6.jpg,japan
pseudoalbaillella_delawarensis_5.jpg,japan
pseudoalbaillella_delawarensis_3.jpg,japan
pseudoalbaillella_delawarensis_13.jpg,japan
pseudoalbaillella_delawarensis_10.jpg,japan
pseudoalbaillella_delawarensis_9.jpg,japan
pseudoalbaillella_delawarensis_8.jpg,japan
pseudoalbaillella_delawarensis_7.jpg,japan
pseudoalbaillella_delawarensis_12.jpg,japan
pseudoalbaillella_delawarensis_15.jpg,japan
pseudoalbaillella_delawarensis.jpg,japan
pseudoalbaillella_delawarensis_4.jpg,japan
pseudoalbaillella_elegans_8.jpg,japan
pseudoalbaillella_elegans_12.jpg,japan
pseudoalbaillella_elegans_2.jpg,japan
pseudoalbaillella_elegans_4.jpg,japan
pseudoalbaillella_elegans_10.jpg,japan
pseudoalbaillella_elegans_5.jpg,japan
pseudoalbaillella_elegans_7.jpg,japan
pseudoalbaillella_elegans_15.jpg,japan
pseudoalbaillella_elegans_9.jpg,japan
pseudoalbaillella_elegans_6.jpg,japan
pseudoalbaillella_elegans_13.jpg,japan
pseudoalbaillella_elegans_14.jpg,japan
pseudoalbaillella_elegans_11.jpg,japan
pseudoalbaillella_elegans.jpg,japan
pseudoalbaillella_elegans_3.jpg,japan
ampulla_tubulata_14.jpg,japan
ampulla_tubulata_6.jpg,japan
ampulla_tubulata_15.jpg,japan
ampulla_tubulata_9.jpg,japan
ampulla_tubulata_8.jpg,japan
ampulla_tubulata_12.jpg,japan
ampulla_tubulata_4.jpg,japan
ampulla_tubulata_5.jpg,japan
ampulla_tubulata.jpg,japan
ampulla_tubulata_3.jpg,japan
ampulla_tubulata_11.jpg,japan
ampulla_tubulata_7.jpg,japan
ampulla_tubulata_2.jpg,japan
ampulla_tubulata_13.jpg,japan
ampulla_tubulata_10.jpg,japan
Cangyuanella_deflandrei_3.jpg,japan
Cangyuanella_deflandrei_7.jpg,japan
Cangyuanella_deflandrei_13.jpg,japan
Cangyuanella_deflandrei_9.jpg,japan
Cangyuanella_deflandrei.jpg,japan
Cangyuanella_deflandrei_4.jpg,japan
Cangyuanella_deflandrei_15.jpg,japan
Cangyuanella_deflandrei_8.jpg,japan
Cangyuanella_deflandrei_12.jpg,japan
Cangyuanella_deflandrei_10.jpg,japan
Cangyuanella_deflandrei_2.jpg,japan
Cangyuanella_deflandrei_11.jpg,japan
Cangyuanella_deflandrei_14.jpg,japan
Cangyuanella_deflandrei_6.jpg,japan
Cangyuanella_deflandrei_5.jpg,japan
Ceratoikiscum_bujugum_12.jpg,japan
Ceratoikiscum_bujugum_5.jpg,japan
Ceratoikiscum_bujugum_2.jpg,japan
Ceratoikiscum_bujugum_14.jpg,japan
Ceratoikiscum_bujugum_6.jpg,japan
Ceratoikiscum_bujugum_10.jpg,japan
Ceratoikiscum_bujugum_4.jpg,japan
Ceratoikiscum_bujugum_7.jpg,japan
Ceratoikiscum_bujugum.jpg,japan
Ceratoikiscum_bujugum_13.jpg,japan
Ceratoikiscum_bujugum_3.jpg,japan
Ceratoikiscum_bujugum_11.jpg,japan
Ceratoikiscum_bujugum_9.jpg,japan
Ceratoikiscum_bujugum_15.jpg,japan
Ceratoikiscum_bujugum_8.jpg,japan
follicucullus_furca_8.jpg,japan
follicucullus_furca_13.jpg,japan
follicucullus_furca_7.jpg,japan
follicucullus_furca_9.jpg,japan
follicucullus_furca_5.jpg,japan
follicucullus_furca_14.jpg,japan
follicucullus_furca_11.jpg,japan
follicucullus_furca_3.jpg,japan
follicucullus_furca.jpg,japan
follicucullus_furca_2.jpg,japan
follicucullus_furca_4.jpg,japan
follicucullus_furca_12.jpg,japan
follicucullus_furca_15.jpg,japan
follicucullus_furca_6.jpg,japan
follicucullus_furca_10.jpg,japan
Ceratoikiscum_araneosum_8.jpg,japan
Ceratoikiscum_araneosum_13.jpg,japan
Ceratoikiscum_araneosum_4.jpg,japan
Ceratoikiscum_araneosum_11.jpg,japan
Ceratoikiscum_araneosum_10.jpg,japan
Ceratoikiscum_araneosum_2.jpg,japan
Ceratoikiscum_araneosum_12.jpg,japan
Ceratoikiscum_araneosum_3.jpg,japan
Ceratoikiscum_araneosum_14.jpg,japan
Ceratoikiscum_araneosum_6.jpg,japan
Ceratoikiscum_araneosum_7.jpg,japan
Ceratoikiscum_araneosum_9.jpg,japan
Ceratoikiscum_araneosum_5.jpg,japan
Ceratoikiscum_araneosum.jpg,japan
Ceratoikiscum_araneosum_15.jpg,japan
Albaillella_apporrecta_9.jpg,japan
Albaillella_apporrecta_11.jpg,japan
Albaillella_apporrecta.jpg,japan
Albaillella_apporrecta_5.jpg,japan
Albaillella_apporrecta_15.jpg,japan
Albaillella_apporrecta_4.jpg,japan
Albaillella_apporrecta_13.jpg,japan
Albaillella_apporrecta_12.jpg,japan
Albaillella_apporrecta_2.jpg,japan
Albaillella_apporrecta_10.jpg,japan
Albaillella_apporrecta_6.jpg,japan
Albaillella_apporrecta_7.jpg,japan
Albaillella_apporrecta_14.jpg,japan
Albaillella_apporrecta_3.jpg,japan
Albaillella_apporrecta_8.jpg,japan
albaillella_murcheyae_5.jpg,japan
albaillella_murcheyae_12.jpg,japan
albaillella_murcheyae_10.jpg,japan
albaillella_murcheyae_3.jpg,japan
albaillella_murcheyae.jpg,japan
albaillella_murcheyae_2.jpg,japan
albaillella_murcheyae_6.jpg,japan
albaillella_murcheyae_15.jpg,japan
albaillella_murcheyae_4.jpg,japan
albaillella_murcheyae_8.jpg,japan
albaillella_murcheyae_7.jpg,japan
albaillella_murcheyae_14.jpg,japan
albaillella_murcheyae_11.jpg,japan
albaillella_murcheyae_9.jpg,japan
albaillella_murcheyae_13.jpg,japan
Albaillella_cornuta_8.jpg,japan
Albaillella_cornuta_12.jpg,japan
Albaillella_cornuta_5.jpg,japan
Albaillella_cornuta_13.jpg,japan
Albaillella_cornuta_10.jpg,japan
Albaillella_cornuta_14.jpg,japan
Albaillella_cornuta_6.jpg,japan
Albaillella_cornuta_15.jpg,japan
Albaillella_cornuta_9.jpg,japan
Albaillella_cornuta_4.jpg,japan
Albaillella_cornuta_11.jpg,japan
Albaillella_cornuta.jpg,japan
Albaillella_cornuta_7.jpg,japan
Albaillella_cornuta_2.jpg,japan
Albaillella_cornuta_3.jpg,japan
pseudoalbaillella_apachensis_12.jpg,japan
pseudoalbaillella_apachensis_6.jpg,japan
pseudoalbaillella_apachensis_4.jpg,japan
pseudoalbaillella_apachensis_15.jpg,japan
pseudoalbaillella_apachensis_8.jpg,japan
pseudoalbaillella_apachensis_11.jpg,japan
pseudoalbaillella_apachensis_2.jpg,japan
pseudoalbaillella_apachensis_13.jpg,japan
pseudoalbaillella_apachensis_10.jpg,japan
pseudoalbaillella_apachensis_14.jpg,japan
pseudoalbaillella_apachensis.jpg,japan
pseudoalbaillella_apachensis_7.jpg,japan
pseudoalbaillella_apachensis_9.jpg,japan
pseudoalbaillella_apachensis_3.jpg,japan
pseudoalbaillella_apachensis_5.jpg,japan
protoalbaillella_aprathensis_14.jpg,japan
protoalbaillella_aprathensis_2.jpg,japan
protoalbaillella_aprathensis_8.jpg,japan
protoalbaillella_aprathensis_4.jpg,japan
protoalbaillella_aprathensis.jpg,japan
protoalbaillella_aprathensis_12.jpg,japan
protoalbaillella_aprathensis_5.jpg,japan
protoalbaillella_aprathensis_13.jpg,japan
protoalbaillella_aprathensis_9.jpg,japan
protoalbaillella_aprathensis_6.jpg,japan
protoalbaillella_aprathensis_11.jpg,japan
protoalbaillella_aprathensis_15.jpg,japan
protoalbaillella_aprathensis_7.jpg,japan
protoalbaillella_aprathensis_3.jpg,japan
protoalbaillella_aprathensis_10.jpg,japan
protoholoeciscus_spinosus_13.jpg,japan
protoholoeciscus_spinosus_14.jpg,japan
protoholoeciscus_spinosus_11.jpg,japan
protoholoeciscus_spinosus_3.jpg,japan
protoholoeciscus_spinosus_12.jpg,japan
protoholoeciscus_spinosus_10.jpg,japan
protoholoeciscus_spinosus_9.jpg,japan
protoholoeciscus_spinosus_8.jpg,japan
protoholoeciscus_spinosus_7.jpg,japan
protoholoeciscus_spinosus.jpg,japan
protoholoeciscus_spinosus_2.jpg,japan
protoholoeciscus_spinosus_15.jpg,japan
protoholoeciscus_spinosus_4.jpg,japan
protoholoeciscus_spinosus_6.jpg,japan
protoholoeciscus_spinosus_5.jpg,japan
pseudoalbaillella_chilensis_11.jpg,japan
pseudoalbaillella_chilensis_2.jpg,japan
pseudoalbaillella_chilensis_12.jpg,japan
pseudoalbaillella_chilensis_5.jpg,japan
pseudoalbaillella_chilensis_14.jpg,japan
pseudoalbaillella_chilensis_6.jpg,japan
pseudoalbaillella_chilensis.jpg,japan
pseudoalbaillella_chilensis_4.jpg,japan
pseudoalbaillella_chilensis_15.jpg,japan
pseudoalbaillella_chilensis_9.jpg,japan
pseudoalbaillella_chilensis_7.jpg,japan
pseudoalbaillella_chilensis_10.jpg,japan
pseudoalbaillella_chilensis_8.jpg,japan
pseudoalbaillella_chilensis_3.jpg,japan
pseudoalbaillella_chilensis_13.jpg,japan
Ceratoikiscum_avimexpectans_nonspongiosum_15.jpg,japan
Ceratoikiscum_avimexpectans_nonspongiosum_5.jpg,japan
Ceratoikiscum_avimexpectans_nonspongiosum_12.jpg,japan
Ceratoikiscum_avimexpectans_nonspongiosum_9.jpg,japan
Ceratoikiscum_avimexpectans_nonspongiosum_10.jpg,japan
Ceratoikiscum_avimexpectans_nonspongiosum_14.jpg,japan
Ceratoikiscum_avimexpectans_nonspongiosum.jpg,japan
Ceratoikiscum_avimexpectans_nonspongiosum_4.jpg,japan
Ceratoikiscum_avimexpectans_nonspongiosum_2.jpg,japan
Ceratoikiscum_avimexpectans_nonspongiosum_11.jpg,japan
Ceratoikiscum_avimexpectans_nonspongiosum_8.jpg,japan
Ceratoikiscum_avimexpectans_nonspongiosum_7.jpg,japan
Ceratoikiscum_avimexpectans_nonspongiosum_6.jpg,japan
Ceratoikiscum_avimexpectans_nonspongiosum_3.jpg,japan
Ceratoikiscum_avimexpectans_nonspongiosum_13.jpg,japan
Ceratoikiscum_calvum_9.jpg,japan
Ceratoikiscum_calvum_15.jpg,japan
Ceratoikiscum_calvum_2.jpg,japan
Ceratoikiscum_calvum_7.jpg,japan
Ceratoikiscum_calvum_11.jpg,japan
Ceratoikiscum_calvum_5.jpg,japan
Ceratoikiscum_calvum_10.jpg,japan
Ceratoikiscum_calvum_6.jpg,japan
Ceratoikiscum_calvum_13.jpg,japan
Ceratoikiscum_calvum_12.jpg,japan
Ceratoikiscum_calvum_8.jpg,japan
Ceratoikiscum_calvum_14.jpg,japan
Ceratoikiscum_calvum_3.jpg,japan
Ceratoikiscum_calvum_4.jpg,japan
Ceratoikiscum_calvum.jpg,japan
albaillella_utahensis_9.jpg,japan
albaillella_utahensis_15.jpg,japan
albaillella_utahensis_5.jpg,japan
albaillella_utahensis_7.jpg,japan
albaillella_utahensis_14.jpg,japan
albaillella_utahensis_11.jpg,japan
albaillella_utahensis_6.jpg,japan
albaillella_utahensis_10.jpg,japan
albaillella_utahensis_12.jpg,japan
albaillella_utahensis_4.jpg,japan
albaillella_utahensis_8.jpg,japan
albaillella_utahensis_13.jpg,japan
albaillella_utahensis_3.jpg,japan
albaillella_utahensis.jpg,japan
albaillella_utahensis_2.jpg,japan
Campanulithus_falcatus_4.jpg,japan
Campanulithus_falcatus_5.jpg,japan
Campanulithus_falcatus_12.jpg,japan
Campanulithus_falcatus_9.jpg,japan
Campanulithus_falcatus_15.jpg,japan
Campanulithus_falcatus_6.jpg,japan
Campanulithus_falcatus_13.jpg,japan
Campanulithus_falcatus.jpg,japan
Campanulithus_falcatus_7.jpg,japan
Campanulithus_falcatus_8.jpg,japan
Campanulithus_falcatus_14.jpg,japan
Campanulithus_falcatus_3.jpg,japan
Campanulithus_falcatus_10.jpg,japan
Campanulithus_falcatus_11.jpg,japan
Campanulithus_falcatus_2.jpg,japan
pseudoalbaillella_ishigai_2.jpg,japan
pseudoalbaillella_ishigai_15.jpg,japan
pseudoalbaillella_ishigai_14.jpg,japan
pseudoalbaillella_ishigai_8.jpg,japan
pseudoalbaillella_ishigai_9.jpg,japan
pseudoalbaillella_ishigai_5.jpg,japan
pseudoalbaillella_ishigai_3.jpg,japan
pseudoalbaillella_ishigai_4.jpg,japan
pseudoalbaillella_ishigai.jpg,japan
pseudoalbaillella_ishigai_13.jpg,japan
pseudoalbaillella_ishigai_7.jpg,japan
pseudoalbaillella_ishigai_11.jpg,japan
pseudoalbaillella_ishigai_12.jpg,japan
pseudoalbaillella_ishigai_6.jpg,japan
pseudoalbaillella_ishigai_10.jpg,japan
pseudoalbaillella_convexa_10.jpg,japan
pseudoalbaillella_convexa_13.jpg,japan
pseudoalbaillella_convexa_2.jpg,japan
pseudoalbaillella_convexa_11.jpg,japan
pseudoalbaillella_convexa_6.jpg,japan
pseudoalbaillella_convexa_14.jpg,japan
pseudoalbaillella_convexa_9.jpg,japan
pseudoalbaillella_convexa.jpg,japan
pseudoalbaillella_convexa_5.jpg,japan
pseudoalbaillella_convexa_8.jpg,japan
pseudoalbaillella_convexa_3.jpg,japan
pseudoalbaillella_convexa_7.jpg,japan
pseudoalbaillella_convexa_4.jpg,japan
pseudoalbaillella_convexa_12.jpg,japan
pseudoalbaillella_convexa_15.jpg,japan
pseudoalbaillella_eurasiatica_7.jpg,japan
pseudoalbaillella_eurasiatica_3.jpg,japan
pseudoalbaillella_eurasiatica_11.jpg,japan
pseudoalbaillella_eurasiatica_8.jpg,japan
pseudoalbaillella_eurasiatica_4.jpg,japan
pseudoalbaillella_eurasiatica_12.jpg,japan
pseudoalbaillella_eurasiatica_14.jpg,japan
pseudoalbaillella_eurasiatica_15.jpg,japan
pseudoalbaillella_eurasiatica_2.jpg,japan
pseudoalbaillella_eurasiatica_10.jpg,japan
pseudoalbaillella_eurasiatica_13.jpg,japan
pseudoalbaillella_eurasiatica_6.jpg,japan
pseudoalbaillella_eurasiatica.jpg,japan
pseudoalbaillella_eurasiatica_5.jpg,japan
pseudoalbaillella_eurasiatica_9.jpg,japan
Ceratoikiscum_astrum_9.jpg,japan
Ceratoikiscum_astrum_15.jpg,japan
Ceratoikiscum_astrum_11.jpg,japan
Ceratoikiscum_astrum_7.jpg,japan
Ceratoikiscum_astrum_5.jpg,japan
Ceratoikiscum_astrum_4.jpg,japan
Ceratoikiscum_astrum.jpg,japan
Ceratoikiscum_astrum_8.jpg,japan
Ceratoikiscum_astrum_12.jpg,japan
Ceratoikiscum_astrum_3.jpg,japan
Ceratoikiscum_astrum_13.jpg,japan
Ceratoikiscum_astrum_2.jpg,japan
Ceratoikiscum_astrum_6.jpg,japan
Ceratoikiscum_astrum_14.jpg,japan
Ceratoikiscum_astrum_10.jpg,japan
pseudoalbaillella_longicornis_2.jpg,japan
pseudoalbaillella_longicornis_7.jpg,japan
pseudoalbaillella_longicornis_11.jpg,japan
pseudoalbaillella_longicornis_6.jpg,japan
pseudoalbaillella_longicornis.jpg,japan
pseudoalbaillella_longicornis_8.jpg,japan
pseudoalbaillella_longicornis_12.jpg,japan
pseudoalbaillella_longicornis_13.jpg,japan
pseudoalbaillella_longicornis_3.jpg,japan
pseudoalbaillella_longicornis_5.jpg,japan
pseudoalbaillella_longicornis_4.jpg,japan
pseudoalbaillella_longicornis_9.jpg,japan
pseudoalbaillella_longicornis_10.jpg,japan
pseudoalbaillella_longicornis_14.jpg,japan
pseudoalbaillella_longicornis_15.jpg,japan
pseudoalbaillella_desmoinesiensis_4.jpg,japan
pseudoalbaillella_desmoinesiensis_14.jpg,japan
pseudoalbaillella_desmoinesiensis_3.jpg,japan
pseudoalbaillella_desmoinesiensis_8.jpg,japan
pseudoalbaillella_desmoinesiensis_15.jpg,japan
pseudoalbaillella_desmoinesiensis_11.jpg,japan
pseudoalbaillella_desmoinesiensis_2.jpg,japan
pseudoalbaillella_desmoinesiensis_9.jpg,japan
pseudoalbaillella_desmoinesiensis.jpg,japan
pseudoalbaillella_desmoinesiensis_13.jpg,japan
pseudoalbaillella_desmoinesiensis_10.jpg,japan
pseudoalbaillella_desmoinesiensis_7.jpg,japan
pseudoalbaillella_desmoinesiensis_6.jpg,japan
pseudoalbaillella_desmoinesiensis_5.jpg,japan
pseudoalbaillella_desmoinesiensis_12.jpg,japan
Albaillella_perforata_brauni_12.jpg,japan
Albaillella_perforata_brauni.jpg,japan
Albaillella_perforata_brauni_14.jpg,japan
Albaillella_perforata_brauni_9.jpg,japan
Albaillella_perforata_brauni_7.jpg,japan
Albaillella_perforata_brauni_5.jpg,japan
Albaillella_perforata_brauni_4.jpg,japan
Albaillella_perforata_brauni_2.jpg,japan
Albaillella_perforata_brauni_3.jpg,japan
Albaillella_perforata_brauni_11.jpg,japan
Albaillella_perforata_brauni_15.jpg,japan
Albaillella_perforata_brauni_8.jpg,japan
Albaillella_perforata_brauni_6.jpg,japan
Albaillella_perforata_brauni_10.jpg,japan
Albaillella_perforata_brauni_13.jpg,japan
Campanulithus_insuetus_5.jpg,japan
Campanulithus_insuetus_14.jpg,japan
Campanulithus_insuetus_7.jpg,japan
Campanulithus_insuetus.jpg,japan
Campanulithus_insuetus_11.jpg,japan
Campanulithus_insuetus_10.jpg,japan
Campanulithus_insuetus_15.jpg,japan
Campanulithus_insuetus_8.jpg,japan
Campanulithus_insuetus_13.jpg,japan
Campanulithus_insuetus_12.jpg,japan
Campanulithus_insuetus_4.jpg,japan
Campanulithus_insuetus_6.jpg,japan
Campanulithus_insuetus_2.jpg,japan
Campanulithus_insuetus_3.jpg,japan
Campanulithus_insuetus_9.jpg,japan
Ceratoikiscum_avimexpectans_7.jpg,japan
Ceratoikiscum_avimexpectans_11.jpg,japan
Ceratoikiscum_avimexpectans.jpg,japan
Ceratoikiscum_avimexpectans_3.jpg,japan
Ceratoikiscum_avimexpectans_8.jpg,japan
Ceratoikiscum_avimexpectans_12.jpg,japan
Ceratoikiscum_avimexpectans_14.jpg,japan
Ceratoikiscum_avimexpectans_4.jpg,japan
Ceratoikiscum_avimexpectans_15.jpg,japan
Ceratoikiscum_avimexpectans_9.jpg,japan
Ceratoikiscum_avimexpectans_6.jpg,japan
Ceratoikiscum_avimexpectans_2.jpg,japan
Ceratoikiscum_avimexpectans_10.jpg,japan
Ceratoikiscum_avimexpectans_13.jpg,japan
Ceratoikiscum_avimexpectans_5.jpg,japan
protoalbaillella_oilensis_14.jpg,japan
protoalbaillella_oilensis_7.jpg,japan
protoalbaillella_oilensis_9.jpg,japan
protoalbaillella_oilensis_12.jpg,japan
protoalbaillella_oilensis_8.jpg,japan
protoalbaillella_oilensis_2.jpg,japan
protoalbaillella_oilensis_5.jpg,japan
protoalbaillella_oilensis.jpg,japan
protoalbaillella_oilensis_6.jpg,japan
protoalbaillella_oilensis_11.jpg,japan
protoalbaillella_oilensis_4.jpg,japan
protoalbaillella_oilensis_10.jpg,japan
protoalbaillella_oilensis_15.jpg,japan
protoalbaillella_oilensis_13.jpg,japan
protoalbaillella_oilensis_3.jpg,japan
